customer_id,name,email,phone
RH-19495,Rick Hansen,rh-19495@marketmind.ai,Not Available
JR-16210,Justin Ritter,jr-16210@marketmind.ai,Not Available
CR-12730,Craig Reiter,cr-12730@marketmind.ai,Not Available
KM-16375,Katherine Murray,km-16375@marketmind.ai,Not Available
RH-9495,Rick Hansen,rh-9495@marketmind.ai,Not Available
JM-15655,Jim Mitchum,jm-15655@marketmind.ai,Not Available
TS-21340,Toby Swindell,ts-21340@marketmind.ai,Not Available
MB-18085,Mick Brown,mb-18085@marketmind.ai,Not Available
JW-15220,Jane Waco,jw-15220@marketmind.ai,Not Available
JH-15985,Joseph Holt,jh-15985@marketmind.ai,Not Available
GM-14695,Greg Maxwell,gm-14695@marketmind.ai,Not Available
AJ-10780,Anthony Jacobs,aj-10780@marketmind.ai,Not Available
MM-7260,Magdelene Morse,mm-7260@marketmind.ai,Not Available
VF-21715,Vicky Freymann,vf-21715@marketmind.ai,Not Available
PF-19120,Peter Fuller,pf-19120@marketmind.ai,Not Available
BP-11185,Ben Peterman,bp-11185@marketmind.ai,Not Available
TB-21175,Thomas Boland,tb-21175@marketmind.ai,Not Available
PJ-18835,Patrick Jones,pj-18835@marketmind.ai,Not Available
JS-15685,Jim Sink,js-15685@marketmind.ai,Not Available
RH-9555,Ritsa Hightower,rh-9555@marketmind.ai,Not Available
AB-600,Ann Blume,ab-600@marketmind.ai,Not Available
SA-20830,Sue Ann Reed,sa-20830@marketmind.ai,Not Available
JK-15325,Jason Klamczynski,jk-15325@marketmind.ai,Not Available
LB-16795,Laurel Beltran,lb-16795@marketmind.ai,Not Available
NP-18325,Naresj Patel,np-18325@marketmind.ai,Not Available
VD-21670,Valerie Dominguez,vd-21670@marketmind.ai,Not Available
PB-19210,Phillip Breyer,pb-19210@marketmind.ai,Not Available
EB-14110,Eugene Barchas,eb-14110@marketmind.ai,Not Available
KF-16285,Karen Ferguson,kf-16285@marketmind.ai,Not Available
BP-11230,Benjamin Patterson,bp-11230@marketmind.ai,Not Available
RR-19525,Rick Reed,rr-19525@marketmind.ai,Not Available
BS-11365,Bill Shonely,bs-11365@marketmind.ai,Not Available
JE-15745,Joel Eaton,je-15745@marketmind.ai,Not Available
DP-13105,Dave Poirier,dp-13105@marketmind.ai,Not Available
NP-18700,Nora Preis,np-18700@marketmind.ai,Not Available
AH-30,Aaron Hawkins,ah-30@marketmind.ai,Not Available
DM-13015,Darrin Martin,dm-13015@marketmind.ai,Not Available
GT-14635,Grant Thornton,gt-14635@marketmind.ai,Not Available
PO-18865,Patrick O'Donnell,po-18865@marketmind.ai,Not Available
DL-12865,Dan Lawera,dl-12865@marketmind.ai,Not Available
JB-16000,Joy Bell-,jb-16000@marketmind.ai,Not Available
BF-11005,Barry Franz,bf-11005@marketmind.ai,Not Available
VG-21805,Vivek Grady,vg-21805@marketmind.ai,Not Available
GT-14710,Greg Tran,gt-14710@marketmind.ai,Not Available
ZC-21910,Zuschuss Carroll,zc-21910@marketmind.ai,Not Available
SC-20095,Sanjit Chand,sc-20095@marketmind.ai,Not Available
EB-13840,Ellis Ballard,eb-13840@marketmind.ai,Not Available
AP-10915,Arthur Prichep,ap-10915@marketmind.ai,Not Available
SW-20275,Scott Williamson,sw-20275@marketmind.ai,Not Available
JH-15820,John Huston,jh-15820@marketmind.ai,Not Available
LC-16885,Lena Creighton,lc-16885@marketmind.ai,Not Available
TG-11640,Trudy Glocke,tg-11640@marketmind.ai,Not Available
HR-14830,Harold Ryan,hr-14830@marketmind.ai,Not Available
DG-3300,Deirdre Greer,dg-3300@marketmind.ai,Not Available
SG-20470,Sheri Gordon,sg-20470@marketmind.ai,Not Available
FH-14365,Fred Hopkins,fh-14365@marketmind.ai,Not Available
GP-14740,Guy Phonely,gp-14740@marketmind.ai,Not Available
MW-18220,Mitch Webber,mw-18220@marketmind.ai,Not Available
PO-18850,Patrick O'Brill,po-18850@marketmind.ai,Not Available
CS-12460,Chuck Sachs,cs-12460@marketmind.ai,Not Available
KD-16495,Keith Dawkins,kd-16495@marketmind.ai,Not Available
MS-17980,Michael Stewart,ms-17980@marketmind.ai,Not Available
KC-16675,Kimberly Carter,kc-16675@marketmind.ai,Not Available
DB-13405,Denny Blanton,db-13405@marketmind.ai,Not Available
JD-15895,Jonathan Doherty,jd-15895@marketmind.ai,Not Available
DK-13090,Dave Kipp,dk-13090@marketmind.ai,Not Available
CS-11845,Cari Sayre,cs-11845@marketmind.ai,Not Available
EM-14200,Evan Minnotte,em-14200@marketmind.ai,Not Available
DW-3480,Dianna Wilson,dw-3480@marketmind.ai,Not Available
AS-10225,Alan Schoenberger,as-10225@marketmind.ai,Not Available
ST-20530,Shui Tom,st-20530@marketmind.ai,Not Available
BW-1065,Barry Weirich,bw-1065@marketmind.ai,Not Available
LA-16780,Laura Armstrong,la-16780@marketmind.ai,Not Available
AB-10150,Aimee Bixby,ab-10150@marketmind.ai,Not Available
CM-12385,Christopher Martinez,cm-12385@marketmind.ai,Not Available
BE-11410,Bobby Elias,be-11410@marketmind.ai,Not Available
SZ-20035,Sam Zeldin,sz-20035@marketmind.ai,Not Available
RM-19375,Raymond Messe,rm-19375@marketmind.ai,Not Available
HG-14845,Harry Greene,hg-14845@marketmind.ai,Not Available
DP-3105,Dave Poirier,dp-3105@marketmind.ai,Not Available
AR-10540,Andy Reiter,ar-10540@marketmind.ai,Not Available
TP-21415,Tom Prescott,tp-21415@marketmind.ai,Not Available
AM-10705,Anne McFarland,am-10705@marketmind.ai,Not Available
AB-255,Alejandro Ballentine,ab-255@marketmind.ai,Not Available
RP-19270,Rachel Payne,rp-19270@marketmind.ai,Not Available
BK-11260,Berenike Kampe,bk-11260@marketmind.ai,Not Available
JM-15250,Janet Martin,jm-15250@marketmind.ai,Not Available
LW-16990,Lindsay Williams,lw-16990@marketmind.ai,Not Available
NZ-18565,Nick Zandusky,nz-18565@marketmind.ai,Not Available
SV-10815,Stuart Van,sv-10815@marketmind.ai,Not Available
SC-20695,Steve Chapman,sc-20695@marketmind.ai,Not Available
NC-18625,Noah Childs,nc-18625@marketmind.ai,Not Available
NF-18385,Natalie Fritzler,nf-18385@marketmind.ai,Not Available
PM-18940,Paul MacIntyre,pm-18940@marketmind.ai,Not Available
MZ-17335,Maria Zettner,mz-17335@marketmind.ai,Not Available
HM-4980,Henry MacAllister,hm-4980@marketmind.ai,Not Available
RW-19540,Rick Wilson,rw-19540@marketmind.ai,Not Available
LH-17155,Logan Haushalter,lh-17155@marketmind.ai,Not Available
KM-16660,Khloe Miller,km-16660@marketmind.ai,Not Available
AB-10060,Adam Bellavance,ab-10060@marketmind.ai,Not Available
DB-13060,Dave Brooks,db-13060@marketmind.ai,Not Available
VM-21685,Valerie Mitchum,vm-21685@marketmind.ai,Not Available
DM-13525,Don Miller,dm-13525@marketmind.ai,Not Available
NM-18520,Neoma Murray,nm-18520@marketmind.ai,Not Available
RO-19780,Rose O'Brian,ro-19780@marketmind.ai,Not Available
SB-20185,Sarah Brown,sb-20185@marketmind.ai,Not Available
EM-14065,Erin Mull,em-14065@marketmind.ai,Not Available
RS-19765,Roland Schwarz,rs-19765@marketmind.ai,Not Available
ON-18715,Odella Nelson,on-18715@marketmind.ai,Not Available
VS-21820,Vivek Sundaresam,vs-21820@marketmind.ai,Not Available
CM-12115,Chad McGuire,cm-12115@marketmind.ai,Not Available
TB-21400,Tom Boeckenhauer,tb-21400@marketmind.ai,Not Available
AB-10105,Adrian Barton,ab-10105@marketmind.ai,Not Available
DW-13540,Don Weiss,dw-13540@marketmind.ai,Not Available
PS-19045,Penelope Sewall,ps-19045@marketmind.ai,Not Available
CC-12370,Christopher Conant,cc-12370@marketmind.ai,Not Available
TC-21295,Toby Carlisle,tc-21295@marketmind.ai,Not Available
GM-14440,Gary McGarr,gm-14440@marketmind.ai,Not Available
SV-20815,Stuart Van,sv-20815@marketmind.ai,Not Available
MM-17920,Michael Moore,mm-17920@marketmind.ai,Not Available
JK-16120,Julie Kriz,jk-16120@marketmind.ai,Not Available
DJ-13510,Don Jones,dj-13510@marketmind.ai,Not Available
AT-10435,Alyssa Tate,at-10435@marketmind.ai,Not Available
AB-10015,Aaron Bergman,ab-10015@marketmind.ai,Not Available
RP-19390,Resi Pölking,rp-19390@marketmind.ai,Not Available
MJ-17740,Max Jones,mj-17740@marketmind.ai,Not Available
PV-18985,Paul Van Hugh,pv-18985@marketmind.ai,Not Available
SB-20290,Sean Braxton,sb-20290@marketmind.ai,Not Available
SM-10005,Sally Matthias,sm-10005@marketmind.ai,Not Available
KH-16330,Katharine Harms,kh-16330@marketmind.ai,Not Available
MP-18175,Mike Pelletier,mp-18175@marketmind.ai,Not Available
LH-17020,Lisa Hazard,lh-17020@marketmind.ai,Not Available
ND-18370,Natalie DeCherney,nd-18370@marketmind.ai,Not Available
CR-12625,Corey Roper,cr-12625@marketmind.ai,Not Available
GM-14680,Greg Matthias,gm-14680@marketmind.ai,Not Available
RA-19945,Ryan Akin,ra-19945@marketmind.ai,Not Available
BW-11110,Bart Watters,bw-11110@marketmind.ai,Not Available
RF-19735,Roland Fjeld,rf-19735@marketmind.ai,Not Available
AG-10675,Anna Gayman,ag-10675@marketmind.ai,Not Available
DM-12955,Dario Medina,dm-12955@marketmind.ai,Not Available
KD-16270,Karen Daniels,kd-16270@marketmind.ai,Not Available
BE-11335,Bill Eplett,be-11335@marketmind.ai,Not Available
SO-20335,Sean O'Donnell,so-20335@marketmind.ai,Not Available
DK-12835,Damala Kotsonis,dk-12835@marketmind.ai,Not Available
LC-7050,Liz Carlisle,lc-7050@marketmind.ai,Not Available
CG-12520,Claire Gute,cg-12520@marketmind.ai,Not Available
TB-21280,Toby Braunhardt,tb-21280@marketmind.ai,Not Available
HG-15025,Hunter Glantz,hg-15025@marketmind.ai,Not Available
AD-10180,Alan Dominguez,ad-10180@marketmind.ai,Not Available
BP-11155,Becky Pak,bp-11155@marketmind.ai,Not Available
AA-10480,Andrew Allen,aa-10480@marketmind.ai,Not Available
RL-19615,Rob Lucas,rl-19615@marketmind.ai,Not Available
CS-12505,Cindy Stewart,cs-12505@marketmind.ai,Not Available
SW-20245,Scot Wooten,sw-20245@marketmind.ai,Not Available
TA-21385,Tom Ashbrook,ta-21385@marketmind.ai,Not Available
YC-21895,Yoseph Carroll,yc-21895@marketmind.ai,Not Available
JM-15580,Jill Matthias,jm-15580@marketmind.ai,Not Available
MZ-7335,Maria Zettner,mz-7335@marketmind.ai,Not Available
JF-15295,Jason Fortune-,jf-15295@marketmind.ai,Not Available
JL-15835,John Lee,jl-15835@marketmind.ai,Not Available
DJ-3510,Don Jones,dj-3510@marketmind.ai,Not Available
MF-18250,Monica Federle,mf-18250@marketmind.ai,Not Available
JE-15610,Jim Epp,je-15610@marketmind.ai,Not Available
CP-12340,Christine Phan,cp-12340@marketmind.ai,Not Available
EH-14125,Eugene Hildebrand,eh-14125@marketmind.ai,Not Available
NC-18340,Nat Carroll,nc-18340@marketmind.ai,Not Available
JS-16030,Joy Smith,js-16030@marketmind.ai,Not Available
AM-10360,Alice McCarthy,am-10360@marketmind.ai,Not Available
JF-15190,Jamie Frazer,jf-15190@marketmind.ai,Not Available
JG-15160,James Galang,jg-15160@marketmind.ai,Not Available
DP-13390,Dennis Pardue,dp-13390@marketmind.ai,Not Available
AG-10330,Alex Grayson,ag-10330@marketmind.ai,Not Available
GK-14620,Grace Kelly,gk-14620@marketmind.ai,Not Available
NF-18475,Neil Französisch,nf-18475@marketmind.ai,Not Available
DR-12940,Daniel Raglin,dr-12940@marketmind.ai,Not Available
NB-18655,Nona Balk,nb-18655@marketmind.ai,Not Available
NM-18445,Nathan Mautz,nm-18445@marketmind.ai,Not Available
NP-18670,Nora Paige,np-18670@marketmind.ai,Not Available
SC-20380,Shahid Collister,sc-20380@marketmind.ai,Not Available
PA-9060,Pete Armstrong,pa-9060@marketmind.ai,Not Available
RB-19570,Rob Beeghly,rb-19570@marketmind.ai,Not Available
SR-20740,Steven Roelle,sr-20740@marketmind.ai,Not Available
RH-19510,Rick Huthwaite,rh-19510@marketmind.ai,Not Available
LH-16750,Larry Hughes,lh-16750@marketmind.ai,Not Available
KB-16585,Ken Black,kb-16585@marketmind.ai,Not Available
EM-13810,Eleni McCrary,em-13810@marketmind.ai,Not Available
MZ-7515,Mary Zewe,mz-7515@marketmind.ai,Not Available
DM-13345,Denise Monton,dm-13345@marketmind.ai,Not Available
CA-11965,Carol Adams,ca-11965@marketmind.ai,Not Available
SC-20305,Sean Christensen,sc-20305@marketmind.ai,Not Available
MH-18115,Mick Hernandez,mh-18115@marketmind.ai,Not Available
KS-16300,Karen Seio,ks-16300@marketmind.ai,Not Available
BG-11740,Bruce Geld,bg-11740@marketmind.ai,Not Available
CR-2625,Corey Roper,cr-2625@marketmind.ai,Not Available
CB-12415,Christy Brittain,cb-12415@marketmind.ai,Not Available
AP-10720,Anne Pryor,ap-10720@marketmind.ai,Not Available
CR-12820,Cyra Reiten,cr-12820@marketmind.ai,Not Available
BF-11080,Bart Folk,bf-11080@marketmind.ai,Not Available
JM-15265,Janet Molinari,jm-15265@marketmind.ai,Not Available
TW-21025,Tamara Willingham,tw-21025@marketmind.ai,Not Available
RB-19330,Randy Bradley,rb-19330@marketmind.ai,Not Available
JA-15970,Joseph Airdo,ja-15970@marketmind.ai,Not Available
AB-60,Adam Bellavance,ab-60@marketmind.ai,Not Available
JR-5670,Jim Radford,jr-5670@marketmind.ai,Not Available
MD-17350,Maribeth Dona,md-17350@marketmind.ai,Not Available
PK-19075,Pete Kriz,pk-19075@marketmind.ai,Not Available
TP-21130,Theone Pippenger,tp-21130@marketmind.ai,Not Available
JK-15640,Jim Kriz,jk-15640@marketmind.ai,Not Available
CD-11920,Carlos Daly,cd-11920@marketmind.ai,Not Available
JL-5835,John Lee,jl-5835@marketmind.ai,Not Available
EP-13915,Emily Phan,ep-13915@marketmind.ai,Not Available
MS-17770,Maxwell Schwartz,ms-17770@marketmind.ai,Not Available
CM-12655,Corinna Mitchell,cm-12655@marketmind.ai,Not Available
JC-6105,Julie Creighton,jc-6105@marketmind.ai,Not Available
GB-14530,George Bell,gb-14530@marketmind.ai,Not Available
JH-16180,Justin Hirsh,jh-16180@marketmind.ai,Not Available
MT-8070,Michelle Tran,mt-8070@marketmind.ai,Not Available
CV-2805,Cynthia Voltz,cv-2805@marketmind.ai,Not Available
NH-18610,Nicole Hansen,nh-18610@marketmind.ai,Not Available
HJ-14875,Heather Jas,hj-14875@marketmind.ai,Not Available
JL-15175,James Lanier,jl-15175@marketmind.ai,Not Available
MY-18295,Muhammed Yedwab,my-18295@marketmind.ai,Not Available
MW-18235,Mitch Willingham,mw-18235@marketmind.ai,Not Available
KC-16540,Kelly Collister,kc-16540@marketmind.ai,Not Available
HA-14920,Helen Andreada,ha-14920@marketmind.ai,Not Available
MT-17815,Meg Tillman,mt-17815@marketmind.ai,Not Available
FW-14395,Fred Wasserman,fw-14395@marketmind.ai,Not Available
BH-11710,Brosina Hoffman,bh-11710@marketmind.ai,Not Available
DK-12895,Dana Kaydos,dk-12895@marketmind.ai,Not Available
SC-20845,Sung Chung,sc-20845@marketmind.ai,Not Available
CY-12745,Craig Yedwab,cy-12745@marketmind.ai,Not Available
HL-15040,Hunter Lopez,hl-15040@marketmind.ai,Not Available
CT-11995,Carol Triggs,ct-11995@marketmind.ai,Not Available
GR-4560,Georgia Rosenberg,gr-4560@marketmind.ai,Not Available
TT-21070,Ted Trevino,tt-21070@marketmind.ai,Not Available
PO-19195,Phillina Ober,po-19195@marketmind.ai,Not Available
ED-13885,Emily Ducich,ed-13885@marketmind.ai,Not Available
TM-21490,Tony Molinari,tm-21490@marketmind.ai,Not Available
AW-10840,Anthony Witt,aw-10840@marketmind.ai,Not Available
AT-10735,Annie Thurman,at-10735@marketmind.ai,Not Available
SG-10605,Speros Goranitis,sg-10605@marketmind.ai,Not Available
BM-11785,Bryan Mills,bm-11785@marketmind.ai,Not Available
DK-13375,Dennis Kane,dk-13375@marketmind.ai,Not Available
PF-19225,Phillip Flathmann,pf-19225@marketmind.ai,Not Available
TG-21310,Toby Gnade,tg-21310@marketmind.ai,Not Available
SF-10200,Sarah Foster,sf-10200@marketmind.ai,Not Available
JW-5220,Jane Waco,jw-5220@marketmind.ai,Not Available
CC-12100,Chad Cunningham,cc-12100@marketmind.ai,Not Available
RD-19930,Russell D'Ascenzo,rd-19930@marketmind.ai,Not Available
BP-1230,Benjamin Patterson,bp-1230@marketmind.ai,Not Available
CS-12175,Charles Sheldon,cs-12175@marketmind.ai,Not Available
JD-16060,Julia Dunbar,jd-16060@marketmind.ai,Not Available
GH-14665,Greg Hansen,gh-14665@marketmind.ai,Not Available
CM-11935,Carlos Meador,cm-11935@marketmind.ai,Not Available
RB-9465,Rick Bensley,rb-9465@marketmind.ai,Not Available
RB-19795,Ross Baird,rb-19795@marketmind.ai,Not Available
DL-13495,Dionis Lloyd,dl-13495@marketmind.ai,Not Available
TS-21205,Thomas Seio,ts-21205@marketmind.ai,Not Available
MV-8190,Mike Vittorini,mv-8190@marketmind.ai,Not Available
BD-11560,Brendan Dodson,bd-11560@marketmind.ai,Not Available
PS-18760,Pamela Stobb,ps-18760@marketmind.ai,Not Available
FM-14215,Filia McAdams,fm-14215@marketmind.ai,Not Available
CA-12775,Cynthia Arntzen,ca-12775@marketmind.ai,Not Available
CD-12790,Cynthia Delaney,cd-12790@marketmind.ai,Not Available
NL-18310,Nancy Lomonaco,nl-18310@marketmind.ai,Not Available
TB-21055,Ted Butterfield,tb-21055@marketmind.ai,Not Available
EH-4125,Eugene Hildebrand,eh-4125@marketmind.ai,Not Available
KB-16600,Ken Brennan,kb-16600@marketmind.ai,Not Available
KW-16435,Katrina Willman,kw-16435@marketmind.ai,Not Available
MG-17695,Maureen Gnade,mg-17695@marketmind.ai,Not Available
HM-14860,Harry Marie,hm-14860@marketmind.ai,Not Available
BP-11290,Beth Paige,bp-11290@marketmind.ai,Not Available
HZ-4950,Henia Zydlo,hz-4950@marketmind.ai,Not Available
TC-20980,Tamara Chand,tc-20980@marketmind.ai,Not Available
EM-13825,Elizabeth Moffitt,em-13825@marketmind.ai,Not Available
BS-11800,Bryan Spruell,bs-11800@marketmind.ai,Not Available
DV-13465,Dianna Vittorini,dv-13465@marketmind.ai,Not Available
MB-17305,Maria Bertelson,mb-17305@marketmind.ai,Not Available
PC-19000,Pauline Chand,pc-19000@marketmind.ai,Not Available
CA-12310,Christine Abelman,ca-12310@marketmind.ai,Not Available
KC-16255,Karen Carlisle,kc-16255@marketmind.ai,Not Available
DB-3660,Duane Benoit,db-3660@marketmind.ai,Not Available
SC-20260,Scott Cohen,sc-20260@marketmind.ai,Not Available
BD-11500,Bradley Drucker,bd-11500@marketmind.ai,Not Available
BM-11140,Becky Martin,bm-11140@marketmind.ai,Not Available
KB-16315,Karl Braun,kb-16315@marketmind.ai,Not Available
JM-15865,John Murray,jm-15865@marketmind.ai,Not Available
AF-10885,Art Foster,af-10885@marketmind.ai,Not Available
SJ-20500,Shirley Jackson,sj-20500@marketmind.ai,Not Available
WB-21850,William Brown,wb-21850@marketmind.ai,Not Available
CC-12610,Corey Catlett,cc-12610@marketmind.ai,Not Available
BE-11455,Brad Eason,be-11455@marketmind.ai,Not Available
TG-21640,Trudy Glocke,tg-21640@marketmind.ai,Not Available
MS-17365,Maribeth Schnelling,ms-17365@marketmind.ai,Not Available
NP-18685,Nora Pelletier,np-18685@marketmind.ai,Not Available
RM-19675,Robert Marley,rm-19675@marketmind.ai,Not Available
SN-20560,Skye Norling,sn-20560@marketmind.ai,Not Available
CD-12280,Christina DeMoss,cd-12280@marketmind.ai,Not Available
BG-11035,Barry Gonzalez,bg-11035@marketmind.ai,Not Available
CC-12550,Clay Cheatham,cc-12550@marketmind.ai,Not Available
SV-20785,Stewart Visinsky,sv-20785@marketmind.ai,Not Available
HW-14935,Helen Wasserman,hw-14935@marketmind.ai,Not Available
AS-10285,Alejandro Savely,as-10285@marketmind.ai,Not Available
LD-16855,Lela Donovan,ld-16855@marketmind.ai,Not Available
NS-18505,Neola Schneider,ns-18505@marketmind.ai,Not Available
CM-12715,Craig Molinari,cm-12715@marketmind.ai,Not Available
JD-6060,Julia Dunbar,jd-6060@marketmind.ai,Not Available
MG-17680,Maureen Gastineau,mg-17680@marketmind.ai,Not Available
DB-13210,Dean Braden,db-13210@marketmind.ai,Not Available
CS-11860,Cari Schnelling,cs-11860@marketmind.ai,Not Available
GG-14650,Greg Guthrie,gg-14650@marketmind.ai,Not Available
BN-11470,Brad Norvell,bn-11470@marketmind.ai,Not Available
BS-1665,Brian Stugart,bs-1665@marketmind.ai,Not Available
AC-10450,Amy Cox,ac-10450@marketmind.ai,Not Available
CK-12205,Chloris Kastensmidt,ck-12205@marketmind.ai,Not Available
JD-16150,Justin Deggeller,jd-16150@marketmind.ai,Not Available
CC-2550,Clay Cheatham,cc-2550@marketmind.ai,Not Available
MS-17830,Melanie Seite,ms-17830@marketmind.ai,Not Available
SM-20950,Suzanne McNair,sm-20950@marketmind.ai,Not Available
CL-12700,Craig Leslie,cl-12700@marketmind.ai,Not Available
CM-12160,Charles McCrossin,cm-12160@marketmind.ai,Not Available
JC-15775,John Castell,jc-15775@marketmind.ai,Not Available
LH-16900,Lena Hernandez,lh-16900@marketmind.ai,Not Available
DV-13045,Darrin Van Huff,dv-13045@marketmind.ai,Not Available
BT-11530,Bradley Talbott,bt-11530@marketmind.ai,Not Available
BM-1650,Brian Moss,bm-1650@marketmind.ai,Not Available
MG-18205,Mitch Gastineau,mg-18205@marketmind.ai,Not Available
RB-19705,Roger Barcio,rb-19705@marketmind.ai,Not Available
FC-14245,Frank Carlisle,fc-14245@marketmind.ai,Not Available
TT-21220,Thomas Thornton,tt-21220@marketmind.ai,Not Available
SJ-20215,Sarah Jordon,sj-20215@marketmind.ai,Not Available
PB-18805,Patrick Bzostek,pb-18805@marketmind.ai,Not Available
RW-19690,Robert Waldorf,rw-19690@marketmind.ai,Not Available
DB-3360,Dennis Bolton,db-3360@marketmind.ai,Not Available
DK-13150,David Kendrick,dk-13150@marketmind.ai,Not Available
RW-9540,Rick Wilson,rw-9540@marketmind.ai,Not Available
MP-17470,Mark Packer,mp-17470@marketmind.ai,Not Available
TB-21625,Trudy Brown,tb-21625@marketmind.ai,Not Available
MO-17800,Meg O'Connel,mo-17800@marketmind.ai,Not Available
MR-17545,Mathew Reese,mr-17545@marketmind.ai,Not Available
LC-17050,Liz Carlisle,lc-17050@marketmind.ai,Not Available
RA-19885,Ruben Ausman,ra-19885@marketmind.ai,Not Available
MG-8145,Mike Gockenbach,mg-8145@marketmind.ai,Not Available
JE-16165,Justin Ellison,je-16165@marketmind.ai,Not Available
JK-16090,Juliana Krohn,jk-16090@marketmind.ai,Not Available
EM-13960,Eric Murdock,em-13960@marketmind.ai,Not Available
DJ-13420,Denny Joy,dj-13420@marketmind.ai,Not Available
BO-11425,Bobby Odegard,bo-11425@marketmind.ai,Not Available
LW-17215,Luke Weiss,lw-17215@marketmind.ai,Not Available
PJ-19015,Pauline Johnson,pj-19015@marketmind.ai,Not Available
KM-16720,Kunst Miller,km-16720@marketmind.ai,Not Available
BG-11695,Brooke Gillingham,bg-11695@marketmind.ai,Not Available
CS-12130,Chad Sievert,cs-12130@marketmind.ai,Not Available
MC-17425,Mark Cousins,mc-17425@marketmind.ai,Not Available
BD-1635,Brian Derr,bd-1635@marketmind.ai,Not Available
RF-19345,Randy Ferguson,rf-19345@marketmind.ai,Not Available
MG-7680,Maureen Gastineau,mg-7680@marketmind.ai,Not Available
KH-16690,Kristen Hastings,kh-16690@marketmind.ai,Not Available
CC-12475,Cindy Chapman,cc-12475@marketmind.ai,Not Available
LT-16765,Larry Tron,lt-16765@marketmind.ai,Not Available
BF-10975,Barbara Fisher,bf-10975@marketmind.ai,Not Available
CJ-12010,Caroline Jumper,cj-12010@marketmind.ai,Not Available
SH-9975,Sally Hughsby,sh-9975@marketmind.ai,Not Available
SL-20155,Sara Luxemburg,sl-20155@marketmind.ai,Not Available
NC-8340,Nat Carroll,nc-8340@marketmind.ai,Not Available
JB-5400,Jennifer Braxton,jb-5400@marketmind.ai,Not Available
TB-21250,Tim Brockman,tb-21250@marketmind.ai,Not Available
PS-18970,Paul Stevenson,ps-18970@marketmind.ai,Not Available
BB-11545,Brenda Bowman,bb-11545@marketmind.ai,Not Available
SG-10470,Sheri Gordon,sg-10470@marketmind.ai,Not Available
SP-20920,Susan Pistek,sp-20920@marketmind.ai,Not Available
Dp-13240,Dean percer,dp-13240@marketmind.ai,Not Available
GZ-14470,Gary Zandusky,gz-14470@marketmind.ai,Not Available
AH-10075,Adam Hart,ah-10075@marketmind.ai,Not Available
CB-2025,Cassandra Brandow,cb-2025@marketmind.ai,Not Available
SC-20050,Sample Company A,sc-20050@marketmind.ai,Not Available
SC-10230,Scot Coram,sc-10230@marketmind.ai,Not Available
JS-15595,Jill Stevenson,js-15595@marketmind.ai,Not Available
BS-11380,Bill Stewart,bs-11380@marketmind.ai,Not Available
JL-5130,Jack Lebron,jl-5130@marketmind.ai,Not Available
AS-10090,Adam Shillingsburg,as-10090@marketmind.ai,Not Available
EL-13735,Ed Ludwig,el-13735@marketmind.ai,Not Available
FH-14275,Frank Hawley,fh-14275@marketmind.ai,Not Available
OT-18730,Olvera Toch,ot-18730@marketmind.ai,Not Available
SM-10320,Sean Miller,sm-10320@marketmind.ai,Not Available
PM-19135,Peter McVee,pm-19135@marketmind.ai,Not Available
TS-11430,Tom Stivers,ts-11430@marketmind.ai,Not Available
LS-17245,Lynn Smith,ls-17245@marketmind.ai,Not Available
SF-20200,Sarah Foster,sf-20200@marketmind.ai,Not Available
CM-11815,Candace McMahon,cm-11815@marketmind.ai,Not Available
FG-14260,Frank Gastineau,fg-14260@marketmind.ai,Not Available
KN-6705,Kristina Nunn,kn-6705@marketmind.ai,Not Available
TB-11520,Tracy Blumstein,tb-11520@marketmind.ai,Not Available
JB-15400,Jennifer Braxton,jb-15400@marketmind.ai,Not Available
KH-16510,Keith Herrera,kh-16510@marketmind.ai,Not Available
DL-13330,Denise Leinenbach,dl-13330@marketmind.ai,Not Available
KN-16390,Katherine Nockton,kn-16390@marketmind.ai,Not Available
SV-20935,Susan Vittorini,sv-20935@marketmind.ai,Not Available
MD-17860,Michael Dominguez,md-17860@marketmind.ai,Not Available
LS-17200,Luke Schmidt,ls-17200@marketmind.ai,Not Available
CM-12445,Chuck Magee,cm-12445@marketmind.ai,Not Available
SS-20140,Saphhira Shifley,ss-20140@marketmind.ai,Not Available
GH-14425,Gary Hwang,gh-14425@marketmind.ai,Not Available
SM-20320,Sean Miller,sm-20320@marketmind.ai,Not Available
GR-14560,Georgia Rosenberg,gr-14560@marketmind.ai,Not Available
TS-21370,Todd Sumrall,ts-21370@marketmind.ai,Not Available
DH-3675,Duane Huffman,dh-3675@marketmind.ai,Not Available
MM-8280,Muhammed MacIntyre,mm-8280@marketmind.ai,Not Available
PM-9135,Peter McVee,pm-9135@marketmind.ai,Not Available
GP-4740,Guy Phonely,gp-4740@marketmind.ai,Not Available
AF-10870,Art Ferguson,af-10870@marketmind.ai,Not Available
TS-21505,Tony Sayre,ts-21505@marketmind.ai,Not Available
BM-11575,Brendan Murry,bm-11575@marketmind.ai,Not Available
AH-10030,Aaron Hawkins,ah-10030@marketmind.ai,Not Available
AG-10495,Andrew Gjertsen,ag-10495@marketmind.ai,Not Available
AG-675,Anna Gayman,ag-675@marketmind.ai,Not Available
SW-20755,Steven Ward,sw-20755@marketmind.ai,Not Available
SK-19990,Sally Knutson,sk-19990@marketmind.ai,Not Available
AG-10900,Arthur Gainer,ag-10900@marketmind.ai,Not Available
AJ-960,Astrea Jones,aj-960@marketmind.ai,Not Available
MC-7275,Marc Crier,mc-7275@marketmind.ai,Not Available
ER-13855,Elpida Rittenbach,er-13855@marketmind.ai,Not Available
EJ-13720,Ed Jacobs,ej-13720@marketmind.ai,Not Available
DH-13675,Duane Huffman,dh-13675@marketmind.ai,Not Available
HE-14800,Harold Engle,he-14800@marketmind.ai,Not Available
KT-16480,Kean Thornton,kt-16480@marketmind.ai,Not Available
SB-20170,Sarah Bern,sb-20170@marketmind.ai,Not Available
EM-14140,Eugene Moren,em-14140@marketmind.ai,Not Available
VT-21700,Valerie Takahito,vt-21700@marketmind.ai,Not Available
JS-15880,John Stevenson,js-15880@marketmind.ai,Not Available
BC-11125,Becky Castell,bc-11125@marketmind.ai,Not Available
NF-18595,Nicole Fjeld,nf-18595@marketmind.ai,Not Available
RH-9600,Rob Haberlin,rh-9600@marketmind.ai,Not Available
CS-11950,Carlos Soltero,cs-11950@marketmind.ai,Not Available
CM-12235,Chris McAfee,cm-12235@marketmind.ai,Not Available
LW-16825,Laurel Workman,lw-16825@marketmind.ai,Not Available
RD-19585,Rob Dowd,rd-19585@marketmind.ai,Not Available
BT-11680,Brian Thompson,bt-11680@marketmind.ai,Not Available
MD-7860,Michael Dominguez,md-7860@marketmind.ai,Not Available
CC-12145,Charles Crestani,cc-12145@marketmind.ai,Not Available
XP-21865,Xylona Preis,xp-21865@marketmind.ai,Not Available
ML-17410,Maris LaWare,ml-17410@marketmind.ai,Not Available
BS-11665,Brian Stugart,bs-11665@marketmind.ai,Not Available
SC-20230,Scot Coram,sc-20230@marketmind.ai,Not Available
QJ-19255,Quincy Jones,qj-19255@marketmind.ai,Not Available
RE-19450,Richard Eichhorn,re-19450@marketmind.ai,Not Available
CP-2085,Cathy Prescott,cp-2085@marketmind.ai,Not Available
JK-5730,Joe Kamberova,jk-5730@marketmind.ai,Not Available
HZ-14950,Henia Zydlo,hz-14950@marketmind.ai,Not Available
AR-10570,Anemone Ratner,ar-10570@marketmind.ai,Not Available
EH-14005,Erica Hernandez,eh-14005@marketmind.ai,Not Available
JR-15700,Jocasta Rupert,jr-15700@marketmind.ai,Not Available
PL-18925,Paul Lucas,pl-18925@marketmind.ai,Not Available
TC-21145,Theresa Coyne,tc-21145@marketmind.ai,Not Available
DG-13300,Deirdre Greer,dg-13300@marketmind.ai,Not Available
Dl-13600,Dorris liebe,dl-13600@marketmind.ai,Not Available
NC-18415,Nathan Cano,nc-18415@marketmind.ai,Not Available
EB-13930,Eric Barreto,eb-13930@marketmind.ai,Not Available
CP-12085,Cathy Prescott,cp-12085@marketmind.ai,Not Available
SM-20005,Sally Matthias,sm-20005@marketmind.ai,Not Available
JR-15670,Jim Radford,jr-15670@marketmind.ai,Not Available
DL-12925,Daniel Lacy,dl-12925@marketmind.ai,Not Available
FM-14290,Frank Merwin,fm-14290@marketmind.ai,Not Available
DP-13165,David Philippe,dp-13165@marketmind.ai,Not Available
CK-12595,Clytie Kelty,ck-12595@marketmind.ai,Not Available
CM-11830,Cari MacIntyre,cm-11830@marketmind.ai,Not Available
PP-18955,Paul Prost,pp-18955@marketmind.ai,Not Available
MM-17260,Magdelene Morse,mm-17260@marketmind.ai,Not Available
ME-17320,Maria Etezadi,me-17320@marketmind.ai,Not Available
CS-12490,Cindy Schnelling,cs-12490@marketmind.ai,Not Available
GH-14410,Gary Hansen,gh-14410@marketmind.ai,Not Available
MC-17635,Matthew Clasen,mc-17635@marketmind.ai,Not Available
LM-7065,Liz MacKendrick,lm-7065@marketmind.ai,Not Available
AR-10510,Andrew Roberts,ar-10510@marketmind.ai,Not Available
JH-15910,Jonathan Howell,jh-15910@marketmind.ai,Not Available
DK-3375,Dennis Kane,dk-3375@marketmind.ai,Not Available
EG-13900,Emily Grady,eg-13900@marketmind.ai,Not Available
AS-10630,Ann Steele,as-10630@marketmind.ai,Not Available
CL-11890,Carl Ludwig,cl-11890@marketmind.ai,Not Available
CA-12265,Christina Anderson,ca-12265@marketmind.ai,Not Available
PF-19165,Philip Fox,pf-19165@marketmind.ai,Not Available
DB-12970,Darren Budd,db-12970@marketmind.ai,Not Available
CL-12565,Clay Ludtke,cl-12565@marketmind.ai,Not Available
MF-17665,Maureen Fritzler,mf-17665@marketmind.ai,Not Available
IM-15055,Ionia McGrath,im-15055@marketmind.ai,Not Available
EB-13975,Erica Bern,eb-13975@marketmind.ai,Not Available
AA-10315,Alex Avila,aa-10315@marketmind.ai,Not Available
MV-17485,Mark Van Huff,mv-17485@marketmind.ai,Not Available
JW-15955,Joni Wasserman,jw-15955@marketmind.ai,Not Available
TS-21610,Troy Staebel,ts-21610@marketmind.ai,Not Available
MC-17575,Matt Collins,mc-17575@marketmind.ai,Not Available
JF-5415,Jennifer Ferguson,jf-5415@marketmind.ai,Not Available
AH-10210,Alan Hwang,ah-10210@marketmind.ai,Not Available
KD-16345,Katherine Ducich,kd-16345@marketmind.ai,Not Available
PG-18895,Paul Gonzalez,pg-18895@marketmind.ai,Not Available
HK-14890,Heather Kirkland,hk-14890@marketmind.ai,Not Available
RR-19315,Ralph Ritter,rr-19315@marketmind.ai,Not Available
HH-5010,Hilary Holden,hh-5010@marketmind.ai,Not Available
SH-20635,Stefanie Holloman,sh-20635@marketmind.ai,Not Available
AR-10825,Anthony Rawles,ar-10825@marketmind.ai,Not Available
RP-9855,Roy Phan,rp-9855@marketmind.ai,Not Available
LR-17035,Lisa Ryan,lr-17035@marketmind.ai,Not Available
IM-5055,Ionia McGrath,im-5055@marketmind.ai,Not Available
CK-12325,Christine Kargatis,ck-12325@marketmind.ai,Not Available
AS-285,Alejandro Savely,as-285@marketmind.ai,Not Available
DK-12985,Darren Koutras,dk-12985@marketmind.ai,Not Available
EH-4185,Evan Henry,eh-4185@marketmind.ai,Not Available
ML-17395,Marina Lichtenstein,ml-17395@marketmind.ai,Not Available
BF-11215,Benjamin Farhat,bf-11215@marketmind.ai,Not Available
MB-7305,Maria Bertelson,mb-7305@marketmind.ai,Not Available
CR-12580,Clay Rozendal,cr-12580@marketmind.ai,Not Available
TB-21520,Tracy Blumstein,tb-21520@marketmind.ai,Not Available
KN-16450,Kean Nguyen,kn-16450@marketmind.ai,Not Available
HR-14770,Hallie Redmond,hr-14770@marketmind.ai,Not Available
CK-12760,Cyma Kinney,ck-12760@marketmind.ai,Not Available
RO-9780,Rose O'Brian,ro-9780@marketmind.ai,Not Available
EN-13780,Edward Nazzal,en-13780@marketmind.ai,Not Available
AH-10465,Amy Hunt,ah-10465@marketmind.ai,Not Available
AH-10585,Angele Hood,ah-10585@marketmind.ai,Not Available
RB-9435,Richard Bierner,rb-9435@marketmind.ai,Not Available
AG-525,Andy Gerbode,ag-525@marketmind.ai,Not Available
AR-10345,Alex Russell,ar-10345@marketmind.ai,Not Available
MW-8220,Mitch Webber,mw-8220@marketmind.ai,Not Available
AH-210,Alan Hwang,ah-210@marketmind.ai,Not Available
TH-21235,Tiffany House,th-21235@marketmind.ai,Not Available
LT-7110,Liz Thompson,lt-7110@marketmind.ai,Not Available
HD-14785,Harold Dahlen,hd-14785@marketmind.ai,Not Available
MC-7575,Matt Collins,mc-7575@marketmind.ai,Not Available
MH-18025,Michelle Huthwaite,mh-18025@marketmind.ai,Not Available
CC-2475,Cindy Chapman,cc-2475@marketmind.ai,Not Available
CM-12190,Charlotte Melton,cm-12190@marketmind.ai,Not Available
RA-19915,Russell Applegate,ra-19915@marketmind.ai,Not Available
MT-18070,Michelle Tran,mt-18070@marketmind.ai,Not Available
JF-15415,Jennifer Ferguson,jf-15415@marketmind.ai,Not Available
ES-14020,Erica Smith,es-14020@marketmind.ai,Not Available
CC-12685,Craig Carroll,cc-12685@marketmind.ai,Not Available
IM-15070,Irene Maddox,im-15070@marketmind.ai,Not Available
DA-13450,Dianna Arnett,da-13450@marketmind.ai,Not Available
SS-10410,Shahid Shariari,ss-10410@marketmind.ai,Not Available
BM-11650,Brian Moss,bm-11650@marketmind.ai,Not Available
SW-20350,Sean Wendt,sw-20350@marketmind.ai,Not Available
CM-1830,Cari MacIntyre,cm-1830@marketmind.ai,Not Available
MY-17380,Maribeth Yedwab,my-17380@marketmind.ai,Not Available
MS-7830,Melanie Seite,ms-7830@marketmind.ai,Not Available
HG-14965,Henry Goldwyn,hg-14965@marketmind.ai,Not Available
DC-13285,Debra Catini,dc-13285@marketmind.ai,Not Available
DL-13315,Delfina Latchford,dl-13315@marketmind.ai,Not Available
JK-15370,Jay Kimmel,jk-15370@marketmind.ai,Not Available
CH-2070,Cathy Hwang,ch-2070@marketmind.ai,Not Available
MH-7440,Mark Haberlin,mh-7440@marketmind.ai,Not Available
MC-17845,Michael Chen,mc-17845@marketmind.ai,Not Available
PW-19030,Pauline Webber,pw-19030@marketmind.ai,Not Available
BS-11590,Brendan Sweed,bs-11590@marketmind.ai,Not Available
DO-13435,Denny Ordway,do-13435@marketmind.ai,Not Available
SG-20890,Susan Gilcrest,sg-20890@marketmind.ai,Not Available
SU-20665,Stephanie Ulpright,su-20665@marketmind.ai,Not Available
JC-16105,Julie Creighton,jc-16105@marketmind.ai,Not Available
TB-21190,Thomas Brumley,tb-21190@marketmind.ai,Not Available
SV-10785,Stewart Visinsky,sv-10785@marketmind.ai,Not Available
VP-21760,Victoria Pisteka,vp-21760@marketmind.ai,Not Available
LR-16915,Lena Radford,lr-16915@marketmind.ai,Not Available
TH-21550,Tracy Hopkins,th-21550@marketmind.ai,Not Available
TC-11145,Theresa Coyne,tc-11145@marketmind.ai,Not Available
JL-15235,Janet Lee,jl-15235@marketmind.ai,Not Available
RK-19300,Ralph Kennedy,rk-19300@marketmind.ai,Not Available
CC-12670,Craig Carreira,cc-12670@marketmind.ai,Not Available
DB-13555,Dorothy Badders,db-13555@marketmind.ai,Not Available
SG-20605,Speros Goranitis,sg-20605@marketmind.ai,Not Available
MG-17890,Michael Granlund,mg-17890@marketmind.ai,Not Available
MA-17560,Matt Abelman,ma-17560@marketmind.ai,Not Available
CB-12025,Cassandra Brandow,cb-12025@marketmind.ai,Not Available
DH-13075,Dave Hallsten,dh-13075@marketmind.ai,Not Available
BT-11395,Bill Tyler,bt-11395@marketmind.ai,Not Available
TT-11265,Tim Taslimi,tt-11265@marketmind.ai,Not Available
TH-11235,Tiffany House,th-11235@marketmind.ai,Not Available
VG-21790,Vivek Gonzalez,vg-21790@marketmind.ai,Not Available
NW-18400,Natalie Webber,nw-18400@marketmind.ai,Not Available
VP-21730,Victor Preis,vp-21730@marketmind.ai,Not Available
SS-20410,Shahid Shariari,ss-20410@marketmind.ai,Not Available
JE-15715,Joe Elijah,je-15715@marketmind.ai,Not Available
AG-270,Alejandro Grove,ag-270@marketmind.ai,Not Available
BW-11200,Ben Wallace,bw-11200@marketmind.ai,Not Available
EK-13795,Eileen Kiefer,ek-13795@marketmind.ai,Not Available
SG-20080,Sandra Glassco,sg-20080@marketmind.ai,Not Available
SC-10725,Steven Cartwright,sc-10725@marketmind.ai,Not Available
AG-10525,Andy Gerbode,ag-10525@marketmind.ai,Not Available
MG-18145,Mike Gockenbach,mg-18145@marketmind.ai,Not Available
BD-11605,Brian Dahlen,bd-11605@marketmind.ai,Not Available
PB-19105,Peter Bühler,pb-19105@marketmind.ai,Not Available
SC-20575,Sonia Cooley,sc-20575@marketmind.ai,Not Available
DO-3435,Denny Ordway,do-3435@marketmind.ai,Not Available
CC-12220,Chris Cortes,cc-12220@marketmind.ai,Not Available
TS-21430,Tom Stivers,ts-21430@marketmind.ai,Not Available
AZ-10750,Annie Zypern,az-10750@marketmind.ai,Not Available
IG-15085,Ivan Gibson,ig-15085@marketmind.ai,Not Available
SP-20860,Sung Pak,sp-20860@marketmind.ai,Not Available
KM-16225,Kalyca Meade,km-16225@marketmind.ai,Not Available
KM-6720,Kunst Miller,km-6720@marketmind.ai,Not Available
MM-18055,Michelle Moray,mm-18055@marketmind.ai,Not Available
RB-19360,Raymond Buch,rb-19360@marketmind.ai,Not Available
NC-8415,Nathan Cano,nc-8415@marketmind.ai,Not Available
SN-20710,Steve Nguyen,sn-20710@marketmind.ai,Not Available
DL-3330,Denise Leinenbach,dl-3330@marketmind.ai,Not Available
JG-15115,Jack Garza,jg-15115@marketmind.ai,Not Available
CJ-11875,Carl Jackson,cj-11875@marketmind.ai,Not Available
AY-10555,Andy Yotov,ay-10555@marketmind.ai,Not Available
BV-11245,Benjamin Venier,bv-11245@marketmind.ai,Not Available
PO-9195,Phillina Ober,po-9195@marketmind.ai,Not Available
GZ-4545,George Zrebassa,gz-4545@marketmind.ai,Not Available
PN-18775,Parhena Norris,pn-18775@marketmind.ai,Not Available
SC-20800,Stuart Calhoun,sc-20800@marketmind.ai,Not Available
AC-10615,Ann Chong,ac-10615@marketmind.ai,Not Available
VB-21745,Victoria Brennan,vb-21745@marketmind.ai,Not Available
TT-11460,Tonja Turnell,tt-11460@marketmind.ai,Not Available
AC-10420,Alyssa Crouse,ac-10420@marketmind.ai,Not Available
CG-12040,Catherine Glotzbach,cg-12040@marketmind.ai,Not Available
TR-11325,Toby Ritter,tr-11325@marketmind.ai,Not Available
SC-20440,Shaun Chance,sc-20440@marketmind.ai,Not Available
BT-11305,Beth Thompson,bt-11305@marketmind.ai,Not Available
JB-15925,Joni Blumstein,jb-15925@marketmind.ai,Not Available
GW-14605,Giulietta Weimer,gw-14605@marketmind.ai,Not Available
SC-20725,Steven Cartwright,sc-20725@marketmind.ai,Not Available
EH-13765,Edward Hooks,eh-13765@marketmind.ai,Not Available
YS-21880,Yana Sorensen,ys-21880@marketmind.ai,Not Available
FO-14305,Frank Olsen,fo-14305@marketmind.ai,Not Available
RP-19855,Roy Phan,rp-19855@marketmind.ai,Not Available
AB-10600,Ann Blume,ab-10600@marketmind.ai,Not Available
KB-16240,Karen Bern,kb-16240@marketmind.ai,Not Available
KA-16525,Kelly Andreada,ka-16525@marketmind.ai,Not Available
EM-3960,Eric Murdock,em-3960@marketmind.ai,Not Available
JD-15790,John Dryer,jd-15790@marketmind.ai,Not Available
JL-15850,John Lucas,jl-15850@marketmind.ai,Not Available
JW-16075,Julia West,jw-16075@marketmind.ai,Not Available
LL-6840,Lauren Leatherbury,ll-6840@marketmind.ai,Not Available
TH-21100,Thea Hendricks,th-21100@marketmind.ai,Not Available
MC-17275,Marc Crier,mc-17275@marketmind.ai,Not Available
NG-8430,Nathan Gelder,ng-8430@marketmind.ai,Not Available
KD-16615,Ken Dana,kd-16615@marketmind.ai,Not Available
MC-17605,Matt Connell,mc-17605@marketmind.ai,Not Available
JK-15625,Jim Karlsson,jk-15625@marketmind.ai,Not Available
TS-11505,Tony Sayre,ts-11505@marketmind.ai,Not Available
LD-6855,Lela Donovan,ld-6855@marketmind.ai,Not Available
LP-17080,Liz Pelletier,lp-17080@marketmind.ai,Not Available
CV-12805,Cynthia Voltz,cv-12805@marketmind.ai,Not Available
MO-17500,Mary O'Rourke,mo-17500@marketmind.ai,Not Available
MS-17530,MaryBeth Skach,ms-17530@marketmind.ai,Not Available
GA-14515,George Ashbrook,ga-14515@marketmind.ai,Not Available
CS-12355,Christine Sundaresam,cs-12355@marketmind.ai,Not Available
GM-14500,Gene McClure,gm-14500@marketmind.ai,Not Available
CC-2670,Craig Carreira,cc-2670@marketmind.ai,Not Available
MN-17935,Michael Nguyen,mn-17935@marketmind.ai,Not Available
JM-16195,Justin MacKendrick,jm-16195@marketmind.ai,Not Available
DB-13615,Doug Bickford,db-13615@marketmind.ai,Not Available
PK-18910,Paul Knutson,pk-18910@marketmind.ai,Not Available
LS-16945,Linda Southworth,ls-16945@marketmind.ai,Not Available
JK-15730,Joe Kamberova,jk-15730@marketmind.ai,Not Available
SW-10275,Scott Williamson,sw-10275@marketmind.ai,Not Available
MC-18100,Mick Crebagga,mc-18100@marketmind.ai,Not Available
EH-13945,Eric Hoffmann,eh-13945@marketmind.ai,Not Available
LC-16930,Linda Cazamias,lc-16930@marketmind.ai,Not Available
MA-17995,Michelle Arnett,ma-17995@marketmind.ai,Not Available
SP-20650,Stephanie Phelps,sp-20650@marketmind.ai,Not Available
JH-15430,Jennifer Halladay,jh-15430@marketmind.ai,Not Available
ML-17755,Max Ludwig,ml-17755@marketmind.ai,Not Available
PC-18745,Pamela Coakley,pc-18745@marketmind.ai,Not Available
KE-16420,Katrina Edelman,ke-16420@marketmind.ai,Not Available
EM-4200,Evan Minnotte,em-4200@marketmind.ai,Not Available
DW-13480,Dianna Wilson,dw-13480@marketmind.ai,Not Available
SC-10680,Steve Carroll,sc-10680@marketmind.ai,Not Available
JG-15805,John Grady,jg-15805@marketmind.ai,Not Available
LL-16840,Lauren Leatherbury,ll-16840@marketmind.ai,Not Available
PV-8985,Paul Van Hugh,pv-8985@marketmind.ai,Not Available
PO-19180,Philisse Overcash,po-19180@marketmind.ai,Not Available
SH-19975,Sally Hughsby,sh-19975@marketmind.ai,Not Available
GA-14725,Guy Armstrong,ga-14725@marketmind.ai,Not Available
GT-4755,Guy Thornton,gt-4755@marketmind.ai,Not Available
PR-18880,Patrick Ryan,pr-18880@marketmind.ai,Not Available
AG-10765,Anthony Garverick,ag-10765@marketmind.ai,Not Available
SE-20110,Sanjit Engle,se-20110@marketmind.ai,Not Available
JB-16045,Julia Barnett,jb-16045@marketmind.ai,Not Available
JM-5580,Jill Matthias,jm-5580@marketmind.ai,Not Available
JO-15280,Jas O'Carroll,jo-15280@marketmind.ai,Not Available
LP-17095,Liz Preis,lp-17095@marketmind.ai,Not Available
EJ-14155,Eva Jacobs,ej-14155@marketmind.ai,Not Available
VW-21775,Victoria Wilson,vw-21775@marketmind.ai,Not Available
GM-14455,Gary Mitchum,gm-14455@marketmind.ai,Not Available
BF-1080,Bart Folk,bf-1080@marketmind.ai,Not Available
SM-20905,Susan MacKendrick,sm-20905@marketmind.ai,Not Available
BO-1425,Bobby Odegard,bo-1425@marketmind.ai,Not Available
AW-10930,Arthur Wiediger,aw-10930@marketmind.ai,Not Available
JP-15460,Jennifer Patt,jp-15460@marketmind.ai,Not Available
AS-10240,Alan Shonely,as-10240@marketmind.ai,Not Available
TB-11625,Trudy Brown,tb-11625@marketmind.ai,Not Available
JP-5520,Jeremy Pistek,jp-5520@marketmind.ai,Not Available
BD-11770,Bryan Davis,bd-11770@marketmind.ai,Not Available
BD-11635,Brian Derr,bd-11635@marketmind.ai,Not Available
CC-2370,Christopher Conant,cc-2370@marketmind.ai,Not Available
PO-8850,Patrick O'Brill,po-8850@marketmind.ai,Not Available
TZ-21445,Tom Zandusky,tz-21445@marketmind.ai,Not Available
RB-19435,Richard Bierner,rb-19435@marketmind.ai,Not Available
JE-15475,Jeremy Ellison,je-15475@marketmind.ai,Not Available
AI-10855,Arianne Irving,ai-10855@marketmind.ai,Not Available
MH-17440,Mark Haberlin,mh-17440@marketmind.ai,Not Available
JE-6165,Justin Ellison,je-6165@marketmind.ai,Not Available
DS-13180,David Smith,ds-13180@marketmind.ai,Not Available
AC-10660,Anna Chung,ac-10660@marketmind.ai,Not Available
MH-17455,Mark Hamilton,mh-17455@marketmind.ai,Not Available
CC-12430,Chuck Clark,cc-12430@marketmind.ai,Not Available
NG-18355,Nat Gilpin,ng-18355@marketmind.ai,Not Available
RC-19825,Roy Collins,rc-19825@marketmind.ai,Not Available
JD-16015,Joy Daniels,jd-16015@marketmind.ai,Not Available
JH-5910,Jonathan Howell,jh-5910@marketmind.ai,Not Available
SC-10695,Steve Chapman,sc-10695@marketmind.ai,Not Available
RD-9930,Russell D'Ascenzo,rd-9930@marketmind.ai,Not Available
LC-6930,Linda Cazamias,lc-6930@marketmind.ai,Not Available
DW-13195,David Wiener,dw-13195@marketmind.ai,Not Available
RD-19900,Ruben Dartt,rd-19900@marketmind.ai,Not Available
MV-18190,Mike Vittorini,mv-18190@marketmind.ai,Not Available
RD-19480,Rick Duston,rd-19480@marketmind.ai,Not Available
SV-20365,Seth Vernon,sv-20365@marketmind.ai,Not Available
LS-17230,Lycoris Saunders,ls-17230@marketmind.ai,Not Available
GD-14590,Giulietta Dortch,gd-14590@marketmind.ai,Not Available
EB-13750,Edward Becker,eb-13750@marketmind.ai,Not Available
KH-6360,Katherine Hughes,kh-6360@marketmind.ai,Not Available
BF-11275,Beth Fritzler,bf-11275@marketmind.ai,Not Available
NG-18430,Nathan Gelder,ng-18430@marketmind.ai,Not Available
Co-12640,Corey-Lock,co-12640@marketmind.ai,Not Available
SF-20965,Sylvia Foulston,sf-20965@marketmind.ai,Not Available
KB-16405,Katrina Bavinger,kb-16405@marketmind.ai,Not Available
LC-16870,Lena Cacioppo,lc-16870@marketmind.ai,Not Available
JL-15505,Jeremy Lonsdale,jl-15505@marketmind.ai,Not Available
BD-11725,Bruce Degenhardt,bd-11725@marketmind.ai,Not Available
TM-21010,Tamara Manning,tm-21010@marketmind.ai,Not Available
AB-150,Aimee Bixby,ab-150@marketmind.ai,Not Available
BW-11065,Barry Weirich,bw-11065@marketmind.ai,Not Available
FM-14380,Fred McMath,fm-14380@marketmind.ai,Not Available
PC-8745,Pamela Coakley,pc-8745@marketmind.ai,Not Available
BN-1470,Brad Norvell,bn-1470@marketmind.ai,Not Available
AH-10120,Adrian Hane,ah-10120@marketmind.ai,Not Available
LF-17185,Luke Foster,lf-17185@marketmind.ai,Not Available
DJ-13630,Doug Jacobs,dj-13630@marketmind.ai,Not Available
SJ-20125,Sanjit Jacobs,sj-20125@marketmind.ai,Not Available
ML-18265,Muhammed Lee,ml-18265@marketmind.ai,Not Available
SF-10965,Sylvia Foulston,sf-10965@marketmind.ai,Not Available
PO-8865,Patrick O'Donnell,po-8865@marketmind.ai,Not Available
MH-17290,Marc Harrigan,mh-17290@marketmind.ai,Not Available
NR-18550,Nick Radford,nr-18550@marketmind.ai,Not Available
MK-17905,Michael Kennedy,mk-17905@marketmind.ai,Not Available
DB-13660,Duane Benoit,db-13660@marketmind.ai,Not Available
PH-18790,Patricia Hirasaki,ph-18790@marketmind.ai,Not Available
AB-10165,Alan Barnes,ab-10165@marketmind.ai,Not Available
CA-12055,Cathy Armstrong,ca-12055@marketmind.ai,Not Available
JF-5295,Jason Fortune-,jf-5295@marketmind.ai,Not Available
KT-16465,Kean Takahito,kt-16465@marketmind.ai,Not Available
RB-9705,Roger Barcio,rb-9705@marketmind.ai,Not Available
BD-1725,Bruce Degenhardt,bd-1725@marketmind.ai,Not Available
EB-13705,Ed Braxton,eb-13705@marketmind.ai,Not Available
MG-17875,Michael Grace,mg-17875@marketmind.ai,Not Available
MG-17650,Matthew Grinstein,mg-17650@marketmind.ai,Not Available
AG-10270,Alejandro Grove,ag-10270@marketmind.ai,Not Available
NP-8685,Nora Pelletier,np-8685@marketmind.ai,Not Available
AS-630,Ann Steele,as-630@marketmind.ai,Not Available
SC-20680,Steve Carroll,sc-20680@marketmind.ai,Not Available
MC-17590,Matt Collister,mc-17590@marketmind.ai,Not Available
TP-11415,Tom Prescott,tp-11415@marketmind.ai,Not Available
HH-15010,Hilary Holden,hh-15010@marketmind.ai,Not Available
BT-11485,Brad Thomas,bt-11485@marketmind.ai,Not Available
EB-13870,Emily Burns,eb-13870@marketmind.ai,Not Available
JP-15520,Jeremy Pistek,jp-15520@marketmind.ai,Not Available
CM-2115,Chad McGuire,cm-2115@marketmind.ai,Not Available
EA-14035,Erin Ashbrook,ea-14035@marketmind.ai,Not Available
FH-14350,Fred Harton,fh-14350@marketmind.ai,Not Available
BS-1800,Bryan Spruell,bs-1800@marketmind.ai,Not Available
AA-10375,Allen Armold,aa-10375@marketmind.ai,Not Available
BN-11515,Bradley Nguyen,bn-11515@marketmind.ai,Not Available
EG-3900,Emily Grady,eg-3900@marketmind.ai,Not Available
RE-19405,Ricardo Emerson,re-19405@marketmind.ai,Not Available
ND-18460,Neil Ducich,nd-18460@marketmind.ai,Not Available
TT-21460,Tonja Turnell,tt-21460@marketmind.ai,Not Available
ML-18040,Michelle Lonsdale,ml-18040@marketmind.ai,Not Available
JL-5505,Jeremy Lonsdale,jl-5505@marketmind.ai,Not Available
SP-20545,Sibella Parks,sp-20545@marketmind.ai,Not Available
SF-10065,Sandra Flanagan,sf-10065@marketmind.ai,Not Available
AS-10045,Aaron Smayling,as-10045@marketmind.ai,Not Available
TT-11220,Thomas Thornton,tt-11220@marketmind.ai,Not Available
AH-10195,Alan Haines,ah-10195@marketmind.ai,Not Available
KH-6630,Ken Heidel,kh-6630@marketmind.ai,Not Available
AA-10645,Anna Andreadi,aa-10645@marketmind.ai,Not Available
JL-15130,Jack Lebron,jl-15130@marketmind.ai,Not Available
KM-6375,Katherine Murray,km-6375@marketmind.ai,Not Available
LS-16975,Lindsay Shagiari,ls-16975@marketmind.ai,Not Available
KL-16645,Ken Lonsdale,kl-16645@marketmind.ai,Not Available
EH-14185,Evan Henry,eh-14185@marketmind.ai,Not Available
KW-6570,Kelly Williams,kw-6570@marketmind.ai,Not Available
DB-3060,Dave Brooks,db-3060@marketmind.ai,Not Available
FA-14230,Frank Atkinson,fa-14230@marketmind.ai,Not Available
JF-15565,Jill Fjeld,jf-15565@marketmind.ai,Not Available
LO-7170,Lori Olson,lo-7170@marketmind.ai,Not Available
KB-6315,Karl Braun,kb-6315@marketmind.ai,Not Available
BS-11755,Bruce Stewart,bs-11755@marketmind.ai,Not Available
RB-19465,Rick Bensley,rb-19465@marketmind.ai,Not Available
HF-14995,Herbert Flentye,hf-14995@marketmind.ai,Not Available
MP-17965,Michael Paige,mp-17965@marketmind.ai,Not Available
JJ-15445,Jennifer Jackson,jj-15445@marketmind.ai,Not Available
LC-17140,Logan Currie,lc-17140@marketmind.ai,Not Available
TT-11070,Ted Trevino,tt-11070@marketmind.ai,Not Available
BF-11020,Barry Französisch,bf-11020@marketmind.ai,Not Available
ES-14080,Erin Smith,es-14080@marketmind.ai,Not Available
FC-14335,Fred Chung,fc-14335@marketmind.ai,Not Available
TS-21160,Theresa Swint,ts-21160@marketmind.ai,Not Available
RE-9450,Richard Eichhorn,re-9450@marketmind.ai,Not Available
JC-15340,Jasper Cacioppo,jc-15340@marketmind.ai,Not Available
MH-17785,Maya Herman,mh-17785@marketmind.ai,Not Available
RF-19840,Roy Französisch,rf-19840@marketmind.ai,Not Available
PG-18820,Patrick Gardner,pg-18820@marketmind.ai,Not Available
DO-13645,Doug O'Connell,do-13645@marketmind.ai,Not Available
SC-10305,Sean Christensen,sc-10305@marketmind.ai,Not Available
TN-21040,Tanja Norvell,tn-21040@marketmind.ai,Not Available
DR-12880,Dan Reichenbach,dr-12880@marketmind.ai,Not Available
EB-3975,Erica Bern,eb-3975@marketmind.ai,Not Available
NS-8505,Neola Schneider,ns-8505@marketmind.ai,Not Available
SF-20065,Sandra Flanagan,sf-20065@marketmind.ai,Not Available
RA-19285,Ralph Arnett,ra-19285@marketmind.ai,Not Available
LT-17110,Liz Thompson,lt-17110@marketmind.ai,Not Available
BF-11170,Ben Ferrer,bf-11170@marketmind.ai,Not Available
AR-825,Anthony Rawles,ar-825@marketmind.ai,Not Available
SD-20485,Shirley Daniels,sd-20485@marketmind.ai,Not Available
GW-4605,Giulietta Weimer,gw-4605@marketmind.ai,Not Available
DB-13120,David Bremer,db-13120@marketmind.ai,Not Available
JC-5775,John Castell,jc-5775@marketmind.ai,Not Available
ND-8460,Neil Ducich,nd-8460@marketmind.ai,Not Available
TC-11295,Toby Carlisle,tc-11295@marketmind.ai,Not Available
DM-2955,Dario Medina,dm-2955@marketmind.ai,Not Available
PJ-9015,Pauline Johnson,pj-9015@marketmind.ai,Not Available
JH-5820,John Huston,jh-5820@marketmind.ai,Not Available
ME-18010,Michelle Ellison,me-18010@marketmind.ai,Not Available
AH-10690,Anna Häberlin,ah-10690@marketmind.ai,Not Available
RD-19660,Robert Dilbeck,rd-19660@marketmind.ai,Not Available
CD-1980,Carol Darley,cd-1980@marketmind.ai,Not Available
CL-2565,Clay Ludtke,cl-2565@marketmind.ai,Not Available
MO-7800,Meg O'Connel,mo-7800@marketmind.ai,Not Available
CR-2580,Clay Rozendal,cr-2580@marketmind.ai,Not Available
TC-10980,Tamara Chand,tc-10980@marketmind.ai,Not Available
RD-9900,Ruben Dartt,rd-9900@marketmind.ai,Not Available
CS-12250,Chris Selesnick,cs-12250@marketmind.ai,Not Available
CH-12070,Cathy Hwang,ch-12070@marketmind.ai,Not Available
JF-15355,Jay Fein,jf-15355@marketmind.ai,Not Available
AS-135,Adrian Shami,as-135@marketmind.ai,Not Available
SP-20620,Stefania Perrino,sp-20620@marketmind.ai,Not Available
EC-14050,Erin Creighton,ec-14050@marketmind.ai,Not Available
IG-5085,Ivan Gibson,ig-5085@marketmind.ai,Not Available
TB-21355,Todd Boyes,tb-21355@marketmind.ai,Not Available
MH-17620,Matt Hagelstein,mh-17620@marketmind.ai,Not Available
GT-14755,Guy Thornton,gt-14755@marketmind.ai,Not Available
DF-13135,David Flashing,df-13135@marketmind.ai,Not Available
AS-240,Alan Shonely,as-240@marketmind.ai,Not Available
PG-8820,Patrick Gardner,pg-8820@marketmind.ai,Not Available
JS-6030,Joy Smith,js-6030@marketmind.ai,Not Available
SS-20590,Sonia Sunley,ss-20590@marketmind.ai,Not Available
CS-2490,Cindy Schnelling,cs-2490@marketmind.ai,Not Available
CM-2715,Craig Molinari,cm-2715@marketmind.ai,Not Available
BM-1140,Becky Martin,bm-1140@marketmind.ai,Not Available
RD-19720,Roger Demir,rd-19720@marketmind.ai,Not Available
LD-17005,Lisa DeCherney,ld-17005@marketmind.ai,Not Available
EB-3705,Ed Braxton,eb-3705@marketmind.ai,Not Available
RH-19555,Ritsa Hightower,rh-19555@marketmind.ai,Not Available
JP-6135,Julie Prescott,jp-6135@marketmind.ai,Not Available
PB-9210,Phillip Breyer,pb-9210@marketmind.ai,Not Available
LC-16960,Lindsay Castell,lc-16960@marketmind.ai,Not Available
JC-15385,Jenna Caffey,jc-15385@marketmind.ai,Not Available
IL-15100,Ivan Liston,il-15100@marketmind.ai,Not Available
SW-10245,Scot Wooten,sw-10245@marketmind.ai,Not Available
CP-2340,Christine Phan,cp-2340@marketmind.ai,Not Available
NS-18640,Noel Staavos,ns-18640@marketmind.ai,Not Available
TR-21325,Toby Ritter,tr-21325@marketmind.ai,Not Available
NF-8385,Natalie Fritzler,nf-8385@marketmind.ai,Not Available
TZ-21580,Tracy Zic,tz-21580@marketmind.ai,Not Available
TB-11055,Ted Butterfield,tb-11055@marketmind.ai,Not Available
AJ-10795,Anthony Johnson,aj-10795@marketmind.ai,Not Available
GH-14485,Gene Hale,gh-14485@marketmind.ai,Not Available
AG-10300,Aleksandra Gannaway,ag-10300@marketmind.ai,Not Available
EH-3945,Eric Hoffmann,eh-3945@marketmind.ai,Not Available
JD-6150,Justin Deggeller,jd-6150@marketmind.ai,Not Available
KH-16360,Katherine Hughes,kh-16360@marketmind.ai,Not Available
JB-6045,Julia Barnett,jb-6045@marketmind.ai,Not Available
AH-585,Angele Hood,ah-585@marketmind.ai,Not Available
MS-7530,MaryBeth Skach,ms-7530@marketmind.ai,Not Available
HA-14905,Helen Abelman,ha-14905@marketmind.ai,Not Available
JG-15310,Jason Gross,jg-15310@marketmind.ai,Not Available
CD-1920,Carlos Daly,cd-1920@marketmind.ai,Not Available
TC-21535,Tracy Collins,tc-21535@marketmind.ai,Not Available
PB-9105,Peter Bühler,pb-9105@marketmind.ai,Not Available
AR-10405,Allen Rosenblatt,ar-10405@marketmind.ai,Not Available
NK-18490,Neil Knudson,nk-18490@marketmind.ai,Not Available
MG-7695,Maureen Gnade,mg-7695@marketmind.ai,Not Available
AJ-10945,Ashley Jarboe,aj-10945@marketmind.ai,Not Available
RS-19420,Ricardo Sperren,rs-19420@marketmind.ai,Not Available
SC-20770,Stewart Carmichael,sc-20770@marketmind.ai,Not Available
LM-17065,Liz MacKendrick,lm-17065@marketmind.ai,Not Available
DP-13000,Darren Powers,dp-13000@marketmind.ai,Not Available
RD-9660,Robert Dilbeck,rd-9660@marketmind.ai,Not Available
LB-16735,Larry Blacks,lb-16735@marketmind.ai,Not Available
MZ-17515,Mary Zewe,mz-17515@marketmind.ai,Not Available
ER-3855,Elpida Rittenbach,er-3855@marketmind.ai,Not Available
MS-17710,Maurice Satty,ms-17710@marketmind.ai,Not Available
LC-6960,Lindsay Castell,lc-6960@marketmind.ai,Not Available
GZ-14545,George Zrebassa,gz-14545@marketmind.ai,Not Available
JK-5625,Jim Karlsson,jk-5625@marketmind.ai,Not Available
JJ-15760,Joel Jenkins,jj-15760@marketmind.ai,Not Available
CA-2265,Christina Anderson,ca-2265@marketmind.ai,Not Available
CC-2220,Chris Cortes,cc-2220@marketmind.ai,Not Available
KL-6555,Kelly Lampkin,kl-6555@marketmind.ai,Not Available
CS-2175,Charles Sheldon,cs-2175@marketmind.ai,Not Available
KL-16555,Kelly Lampkin,kl-16555@marketmind.ai,Not Available
RD-9810,Ross DeVincentis,rd-9810@marketmind.ai,Not Available
AJ-945,Ashley Jarboe,aj-945@marketmind.ai,Not Available
CC-2685,Craig Carroll,cc-2685@marketmind.ai,Not Available
LO-17170,Lori Olson,lo-17170@marketmind.ai,Not Available
DE-13255,Deanra Eno,de-13255@marketmind.ai,Not Available
RF-9345,Randy Ferguson,rf-9345@marketmind.ai,Not Available
SC-20020,Sam Craven,sc-20020@marketmind.ai,Not Available
DW-13585,Dorothy Wardle,dw-13585@marketmind.ai,Not Available
EM-4065,Erin Mull,em-4065@marketmind.ai,Not Available
TD-20995,Tamara Dahlen,td-20995@marketmind.ai,Not Available
BD-11320,Bill Donatelli,bd-11320@marketmind.ai,Not Available
CW-11905,Carl Weiss,cw-11905@marketmind.ai,Not Available
CK-2325,Christine Kargatis,ck-2325@marketmind.ai,Not Available
BP-11095,Bart Pistole,bp-11095@marketmind.ai,Not Available
DV-3465,Dianna Vittorini,dv-3465@marketmind.ai,Not Available
MY-7380,Maribeth Yedwab,my-7380@marketmind.ai,Not Available
PB-9150,Philip Brown,pb-9150@marketmind.ai,Not Available
AG-10390,Allen Goldenen,ag-10390@marketmind.ai,Not Available
KW-16570,Kelly Williams,kw-16570@marketmind.ai,Not Available
JF-5190,Jamie Frazer,jf-5190@marketmind.ai,Not Available
GB-14575,Giulietta Baptist,gb-14575@marketmind.ai,Not Available
MR-7545,Mathew Reese,mr-7545@marketmind.ai,Not Available
MO-17950,Michael Oakman,mo-17950@marketmind.ai,Not Available
TA-11385,Tom Ashbrook,ta-11385@marketmind.ai,Not Available
JM-5655,Jim Mitchum,jm-5655@marketmind.ai,Not Available
JS-5880,John Stevenson,js-5880@marketmind.ai,Not Available
HP-14815,Harold Pawlan,hp-14815@marketmind.ai,Not Available
CS-12400,Christopher Schild,cs-12400@marketmind.ai,Not Available
DE-3255,Deanra Eno,de-3255@marketmind.ai,Not Available
JD-6015,Joy Daniels,jd-6015@marketmind.ai,Not Available
CR-2730,Craig Reiter,cr-2730@marketmind.ai,Not Available
RC-9960,Ryan Crowe,rc-9960@marketmind.ai,Not Available
AO-10810,Anthony O'Donnell,ao-10810@marketmind.ai,Not Available
TB-11250,Tim Brockman,tb-11250@marketmind.ai,Not Available
RA-9285,Ralph Arnett,ra-9285@marketmind.ai,Not Available
MG-8205,Mitch Gastineau,mg-8205@marketmind.ai,Not Available
MY-8295,Muhammed Yedwab,my-8295@marketmind.ai,Not Available
SR-20425,Sharelle Roach,sr-20425@marketmind.ai,Not Available
BT-1530,Bradley Talbott,bt-1530@marketmind.ai,Not Available
LS-7245,Lynn Smith,ls-7245@marketmind.ai,Not Available
AB-10255,Alejandro Ballentine,ab-10255@marketmind.ai,Not Available
TH-21115,Thea Hudgings,th-21115@marketmind.ai,Not Available
LC-6885,Lena Creighton,lc-6885@marketmind.ai,Not Available
AC-660,Anna Chung,ac-660@marketmind.ai,Not Available
EM-14095,Eudokia Martin,em-14095@marketmind.ai,Not Available
BO-11350,Bill Overfelt,bo-11350@marketmind.ai,Not Available
DM-3015,Darrin Martin,dm-3015@marketmind.ai,Not Available
DD-13570,Dorothy Dickinson,dd-13570@marketmind.ai,Not Available
KN-16705,Kristina Nunn,kn-16705@marketmind.ai,Not Available
HM-14980,Henry MacAllister,hm-14980@marketmind.ai,Not Available
FM-4215,Filia McAdams,fm-4215@marketmind.ai,Not Available
JO-15145,Jack O'Briant,jo-15145@marketmind.ai,Not Available
TC-11535,Tracy Collins,tc-11535@marketmind.ai,Not Available
JK-15205,Jamie Kunitz,jk-15205@marketmind.ai,Not Available
DA-3450,Dianna Arnett,da-3450@marketmind.ai,Not Available
DB-12910,Daniel Byrd,db-12910@marketmind.ai,Not Available
EH-4005,Erica Hernandez,eh-4005@marketmind.ai,Not Available
DN-13690,Duane Noonan,dn-13690@marketmind.ai,Not Available
AS-10135,Adrian Shami,as-10135@marketmind.ai,Not Available
MC-18130,Mike Caudle,mc-18130@marketmind.ai,Not Available
MM-18280,Muhammed MacIntyre,mm-18280@marketmind.ai,Not Available
RL-9615,Rob Lucas,rl-9615@marketmind.ai,Not Available
MA-7560,Matt Abelman,ma-7560@marketmind.ai,Not Available
HG-4845,Harry Greene,hg-4845@marketmind.ai,Not Available
PB-8805,Patrick Bzostek,pb-8805@marketmind.ai,Not Available
RW-19630,Rob Williams,rw-19630@marketmind.ai,Not Available
BT-11440,Bobby Trafton,bt-11440@marketmind.ai,Not Available
JC-5385,Jenna Caffey,jc-5385@marketmind.ai,Not Available
HR-4770,Hallie Redmond,hr-4770@marketmind.ai,Not Available
DB-3615,Doug Bickford,db-3615@marketmind.ai,Not Available
JK-6120,Julie Kriz,jk-6120@marketmind.ai,Not Available
SW-20455,Shaun Weien,sw-20455@marketmind.ai,Not Available
GH-4425,Gary Hwang,gh-4425@marketmind.ai,Not Available
GB-4575,Giulietta Baptist,gb-4575@marketmind.ai,Not Available
PA-19060,Pete Armstrong,pa-19060@marketmind.ai,Not Available
CA-2775,Cynthia Arntzen,ca-2775@marketmind.ai,Not Available
CV-12295,Christina VanderZanden,cv-12295@marketmind.ai,Not Available
PO-9180,Philisse Overcash,po-9180@marketmind.ai,Not Available
NC-18535,Nick Crebassa,nc-18535@marketmind.ai,Not Available
GZ-4470,Gary Zandusky,gz-4470@marketmind.ai,Not Available
AM-360,Alice McCarthy,am-360@marketmind.ai,Not Available
AA-480,Andrew Allen,aa-480@marketmind.ai,Not Available
TB-21595,Troy Blackwell,tb-21595@marketmind.ai,Not Available
KH-16630,Ken Heidel,kh-16630@marketmind.ai,Not Available
TS-21655,Trudy Schmidt,ts-21655@marketmind.ai,Not Available
CD-11980,Carol Darley,cd-11980@marketmind.ai,Not Available
DB-13360,Dennis Bolton,db-13360@marketmind.ai,Not Available
SK-9990,Sally Knutson,sk-9990@marketmind.ai,Not Available
PT-19090,Pete Takahito,pt-19090@marketmind.ai,Not Available
EH-13990,Erica Hackney,eh-13990@marketmind.ai,Not Available
ME-17725,Max Engle,me-17725@marketmind.ai,Not Available
ZD-21925,Zuschuss Donatelli,zd-21925@marketmind.ai,Not Available
MW-8235,Mitch Willingham,mw-8235@marketmind.ai,Not Available
BP-11050,Barry Pond,bp-11050@marketmind.ai,Not Available
RC-19960,Ryan Crowe,rc-19960@marketmind.ai,Not Available
PN-8775,Parhena Norris,pn-8775@marketmind.ai,Not Available
CB-12535,Claudia Bergmann,cb-12535@marketmind.ai,Not Available
LR-7035,Lisa Ryan,lr-7035@marketmind.ai,Not Available
JG-5160,James Galang,jg-5160@marketmind.ai,Not Available
SC-10845,Sung Chung,sc-10845@marketmind.ai,Not Available
DK-13225,Dean Katz,dk-13225@marketmind.ai,Not Available
CG-2520,Claire Gute,cg-2520@marketmind.ai,Not Available
RS-19870,Roy Skaria,rs-19870@marketmind.ai,Not Available
DK-2835,Damala Kotsonis,dk-2835@marketmind.ai,Not Available
CM-2385,Christopher Martinez,cm-2385@marketmind.ai,Not Available
JE-5745,Joel Eaton,je-5745@marketmind.ai,Not Available
CA-1965,Carol Adams,ca-1965@marketmind.ai,Not Available
Dl-3600,Dorris liebe,dl-3600@marketmind.ai,Not Available
DL-2865,Dan Lawera,dl-2865@marketmind.ai,Not Available
CM-2445,Chuck Magee,cm-2445@marketmind.ai,Not Available
DB-13270,Deborah Brumfield,db-13270@marketmind.ai,Not Available
EB-4110,Eugene Barchas,eb-4110@marketmind.ai,Not Available
BD-11620,Brian DeCherney,bd-11620@marketmind.ai,Not Available
MN-7935,Michael Nguyen,mn-7935@marketmind.ai,Not Available
DB-2910,Daniel Byrd,db-2910@marketmind.ai,Not Available
LH-7155,Logan Haushalter,lh-7155@marketmind.ai,Not Available
JS-5940,Joni Sundaresam,js-5940@marketmind.ai,Not Available
GH-4410,Gary Hansen,gh-4410@marketmind.ai,Not Available
SC-10380,Shahid Collister,sc-10380@marketmind.ai,Not Available
SL-10155,Sara Luxemburg,sl-10155@marketmind.ai,Not Available
EK-3795,Eileen Kiefer,ek-3795@marketmind.ai,Not Available
PH-8790,Patricia Hirasaki,ph-8790@marketmind.ai,Not Available
HD-4785,Harold Dahlen,hd-4785@marketmind.ai,Not Available
CM-2190,Charlotte Melton,cm-2190@marketmind.ai,Not Available
AR-570,Anemone Ratner,ar-570@marketmind.ai,Not Available
BT-1305,Beth Thompson,bt-1305@marketmind.ai,Not Available
MH-7785,Maya Herman,mh-7785@marketmind.ai,Not Available
SC-10260,Scott Cohen,sc-10260@marketmind.ai,Not Available
LW-7125,Liz Willingham,lw-7125@marketmind.ai,Not Available
SM-10905,Susan MacKendrick,sm-10905@marketmind.ai,Not Available
TT-21265,Tim Taslimi,tt-21265@marketmind.ai,Not Available
EJ-3720,Ed Jacobs,ej-3720@marketmind.ai,Not Available
RS-9765,Roland Schwarz,rs-9765@marketmind.ai,Not Available
EM-4095,Eudokia Martin,em-4095@marketmind.ai,Not Available
AJ-10960,Astrea Jones,aj-10960@marketmind.ai,Not Available
BD-1770,Bryan Davis,bd-1770@marketmind.ai,Not Available
BE-1410,Bobby Elias,be-1410@marketmind.ai,Not Available
KC-6255,Karen Carlisle,kc-6255@marketmind.ai,Not Available
DV-3045,Darrin Van Huff,dv-3045@marketmind.ai,Not Available
JD-5895,Jonathan Doherty,jd-5895@marketmind.ai,Not Available
JM-5865,John Murray,jm-5865@marketmind.ai,Not Available
JK-5205,Jamie Kunitz,jk-5205@marketmind.ai,Not Available
CL-2700,Craig Leslie,cl-2700@marketmind.ai,Not Available
GG-4650,Greg Guthrie,gg-4650@marketmind.ai,Not Available
LS-6945,Linda Southworth,ls-6945@marketmind.ai,Not Available
JL-5850,John Lucas,jl-5850@marketmind.ai,Not Available
VP-11760,Victoria Pisteka,vp-11760@marketmind.ai,Not Available
NF-8595,Nicole Fjeld,nf-8595@marketmind.ai,Not Available
LE-16810,Laurel Elliston,le-16810@marketmind.ai,Not Available
JJ-5445,Jennifer Jackson,jj-5445@marketmind.ai,Not Available
CS-2130,Chad Sievert,cs-2130@marketmind.ai,Not Available
BM-1575,Brendan Murry,bm-1575@marketmind.ai,Not Available
AC-615,Ann Chong,ac-615@marketmind.ai,Not Available
HG-5025,Hunter Glantz,hg-5025@marketmind.ai,Not Available
TB-11400,Tom Boeckenhauer,tb-11400@marketmind.ai,Not Available
RB-9330,Randy Bradley,rb-9330@marketmind.ai,Not Available
JP-5460,Jennifer Patt,jp-5460@marketmind.ai,Not Available
JL-5175,James Lanier,jl-5175@marketmind.ai,Not Available
AA-315,Alex Avila,aa-315@marketmind.ai,Not Available
TS-11370,Todd Sumrall,ts-11370@marketmind.ai,Not Available
SS-10140,Saphhira Shifley,ss-10140@marketmind.ai,Not Available
DP-3000,Darren Powers,dp-3000@marketmind.ai,Not Available
JS-5685,Jim Sink,js-5685@marketmind.ai,Not Available
PW-19240,Pierre Wener,pw-19240@marketmind.ai,Not Available
NW-8400,Natalie Webber,nw-8400@marketmind.ai,Not Available
TS-11340,Toby Swindell,ts-11340@marketmind.ai,Not Available
JH-5985,Joseph Holt,jh-5985@marketmind.ai,Not Available
NG-8355,Nat Gilpin,ng-8355@marketmind.ai,Not Available
FP-14320,Frank Preis,fp-14320@marketmind.ai,Not Available
SH-20395,Shahid Hopkins,sh-20395@marketmind.ai,Not Available
JP-16135,Julie Prescott,jp-16135@marketmind.ai,Not Available
JM-5250,Janet Martin,jm-5250@marketmind.ai,Not Available
MA-7995,Michelle Arnett,ma-7995@marketmind.ai,Not Available
DR-2940,Daniel Raglin,dr-2940@marketmind.ai,Not Available
BF-1020,Barry Französisch,bf-1020@marketmind.ai,Not Available
CS-2400,Christopher Schild,cs-2400@marketmind.ai,Not Available
JM-15535,Jessica Myrick,jm-15535@marketmind.ai,Not Available
JS-15940,Joni Sundaresam,js-15940@marketmind.ai,Not Available
AF-870,Art Ferguson,af-870@marketmind.ai,Not Available
NP-8670,Nora Paige,np-8670@marketmind.ai,Not Available
SU-10665,Stephanie Ulpright,su-10665@marketmind.ai,Not Available
RD-9585,Rob Dowd,rd-9585@marketmind.ai,Not Available
TP-21565,Tracy Poddar,tp-21565@marketmind.ai,Not Available
LA-6780,Laura Armstrong,la-6780@marketmind.ai,Not Available
LH-7020,Lisa Hazard,lh-7020@marketmind.ai,Not Available
JE-5475,Jeremy Ellison,je-5475@marketmind.ai,Not Available
ES-4080,Erin Smith,es-4080@marketmind.ai,Not Available
EM-4140,Eugene Moren,em-4140@marketmind.ai,Not Available
DS-13030,Darrin Sayre,ds-13030@marketmind.ai,Not Available
ZD-11925,Zuschuss Donatelli,zd-11925@marketmind.ai,Not Available
JO-5550,Jesus Ocampo,jo-5550@marketmind.ai,Not Available
TB-11595,Troy Blackwell,tb-11595@marketmind.ai,Not Available
GM-4500,Gene McClure,gm-4500@marketmind.ai,Not Available
DD-3570,Dorothy Dickinson,dd-3570@marketmind.ai,Not Available
FH-4365,Fred Hopkins,fh-4365@marketmind.ai,Not Available
MK-18160,Mike Kennedy,mk-18160@marketmind.ai,Not Available
NM-8445,Nathan Mautz,nm-8445@marketmind.ai,Not Available
JF-5355,Jay Fein,jf-5355@marketmind.ai,Not Available
BF-975,Barbara Fisher,bf-975@marketmind.ai,Not Available
SS-20875,Sung Shariari,ss-20875@marketmind.ai,Not Available
PF-9165,Philip Fox,pf-9165@marketmind.ai,Not Available
SV-10365,Seth Vernon,sv-10365@marketmind.ai,Not Available
BB-10990,Barry Blumstein,bb-10990@marketmind.ai,Not Available
PW-9240,Pierre Wener,pw-9240@marketmind.ai,Not Available
JF-15490,Jeremy Farry,jf-15490@marketmind.ai,Not Available
CW-1905,Carl Weiss,cw-1905@marketmind.ai,Not Available
LC-7140,Logan Currie,lc-7140@marketmind.ai,Not Available
HK-4890,Heather Kirkland,hk-4890@marketmind.ai,Not Available
BT-1440,Bobby Trafton,bt-1440@marketmind.ai,Not Available
RD-19810,Ross DeVincentis,rd-19810@marketmind.ai,Not Available
KL-6645,Ken Lonsdale,kl-6645@marketmind.ai,Not Available
VG-11805,Vivek Grady,vg-11805@marketmind.ai,Not Available
PF-9225,Phillip Flathmann,pf-9225@marketmind.ai,Not Available
AB-15,Aaron Bergman,ab-15@marketmind.ai,Not Available
LW-6990,Lindsay Williams,lw-6990@marketmind.ai,Not Available
PS-8970,Paul Stevenson,ps-8970@marketmind.ai,Not Available
LW-17125,Liz Willingham,lw-17125@marketmind.ai,Not Available
MC-7590,Matt Collister,mc-7590@marketmind.ai,Not Available
JO-15550,Jesus Ocampo,jo-15550@marketmind.ai,Not Available
SJ-10125,Sanjit Jacobs,sj-10125@marketmind.ai,Not Available
SS-20515,Shirley Schmidt,ss-20515@marketmind.ai,Not Available
RB-19645,Robert Barroso,rb-19645@marketmind.ai,Not Available
BP-1050,Barry Pond,bp-1050@marketmind.ai,Not Available
PG-8895,Paul Gonzalez,pg-8895@marketmind.ai,Not Available
RM-19750,Roland Murray,rm-19750@marketmind.ai,Not Available
KM-6225,Kalyca Meade,km-6225@marketmind.ai,Not Available
AH-120,Adrian Hane,ah-120@marketmind.ai,Not Available
BM-1785,Bryan Mills,bm-1785@marketmind.ai,Not Available
NR-8550,Nick Radford,nr-8550@marketmind.ai,Not Available
EB-14170,Evan Bailliet,eb-14170@marketmind.ai,Not Available
PB-19150,Philip Brown,pb-19150@marketmind.ai,Not Available
TP-11130,Theone Pippenger,tp-11130@marketmind.ai,Not Available
KN-6450,Kean Nguyen,kn-6450@marketmind.ai,Not Available
RD-9720,Roger Demir,rd-9720@marketmind.ai,Not Available
RS-9870,Roy Skaria,rs-9870@marketmind.ai,Not Available
EB-3840,Ellis Ballard,eb-3840@marketmind.ai,Not Available
TC-21475,Tony Chapman,tc-21475@marketmind.ai,Not Available
BH-1710,Brosina Hoffman,bh-1710@marketmind.ai,Not Available
MH-7620,Matt Hagelstein,mh-7620@marketmind.ai,Not Available
PT-9090,Pete Takahito,pt-9090@marketmind.ai,Not Available
DC-2850,Dan Campbell,dc-2850@marketmind.ai,Not Available
AG-900,Arthur Gainer,ag-900@marketmind.ai,Not Available
DC-12850,Dan Campbell,dc-12850@marketmind.ai,Not Available
JF-5565,Jill Fjeld,jf-5565@marketmind.ai,Not Available
SR-10740,Steven Roelle,sr-10740@marketmind.ai,Not Available
MK-7905,Michael Kennedy,mk-7905@marketmind.ai,Not Available
JK-5370,Jay Kimmel,jk-5370@marketmind.ai,Not Available
GM-4680,Greg Matthias,gm-4680@marketmind.ai,Not Available
PC-9000,Pauline Chand,pc-9000@marketmind.ai,Not Available
DL-3315,Delfina Latchford,dl-3315@marketmind.ai,Not Available
JL-5235,Janet Lee,jl-5235@marketmind.ai,Not Available
BB-990,Barry Blumstein,bb-990@marketmind.ai,Not Available
RP-9390,Resi Pölking,rp-9390@marketmind.ai,Not Available
ES-4020,Erica Smith,es-4020@marketmind.ai,Not Available
MH-7455,Mark Hamilton,mh-7455@marketmind.ai,Not Available
JD-5790,John Dryer,jd-5790@marketmind.ai,Not Available
DB-3270,Deborah Brumfield,db-3270@marketmind.ai,Not Available
PK-9075,Pete Kriz,pk-9075@marketmind.ai,Not Available
NM-8520,Neoma Murray,nm-8520@marketmind.ai,Not Available
MO-7500,Mary O'Rourke,mo-7500@marketmind.ai,Not Available
SG-10890,Susan Gilcrest,sg-10890@marketmind.ai,Not Available
MF-8250,Monica Federle,mf-8250@marketmind.ai,Not Available
JG-5310,Jason Gross,jg-5310@marketmind.ai,Not Available
YS-11880,Yana Sorensen,ys-11880@marketmind.ai,Not Available
FC-4245,Frank Carlisle,fc-4245@marketmind.ai,Not Available
BW-1110,Bart Watters,bw-1110@marketmind.ai,Not Available
BS-1590,Brendan Sweed,bs-1590@marketmind.ai,Not Available
CS-2460,Chuck Sachs,cs-2460@marketmind.ai,Not Available
MH-7290,Marc Harrigan,mh-7290@marketmind.ai,Not Available
KE-6420,Katrina Edelman,ke-6420@marketmind.ai,Not Available
AJ-780,Anthony Jacobs,aj-780@marketmind.ai,Not Available
MM-7920,Michael Moore,mm-7920@marketmind.ai,Not Available
ML-8265,Muhammed Lee,ml-8265@marketmind.ai,Not Available
RR-9315,Ralph Ritter,rr-9315@marketmind.ai,Not Available
JF-5490,Jeremy Farry,jf-5490@marketmind.ai,Not Available
AG-765,Anthony Garverick,ag-765@marketmind.ai,Not Available
DS-3030,Darrin Sayre,ds-3030@marketmind.ai,Not Available
AH-75,Adam Hart,ah-75@marketmind.ai,Not Available
NB-18580,Nicole Brennan,nb-18580@marketmind.ai,Not Available
KD-6270,Karen Daniels,kd-6270@marketmind.ai,Not Available
MJ-7740,Max Jones,mj-7740@marketmind.ai,Not Available
DM-3525,Don Miller,dm-3525@marketmind.ai,Not Available
GH-4665,Greg Hansen,gh-4665@marketmind.ai,Not Available
RM-9675,Robert Marley,rm-9675@marketmind.ai,Not Available
TS-11610,Troy Staebel,ts-11610@marketmind.ai,Not Available
PR-8880,Patrick Ryan,pr-8880@marketmind.ai,Not Available
HP-4815,Harold Pawlan,hp-4815@marketmind.ai,Not Available
EC-4050,Erin Creighton,ec-4050@marketmind.ai,Not Available
BF-1005,Barry Franz,bf-1005@marketmind.ai,Not Available
SC-10050,Sample Company A,sc-10050@marketmind.ai,Not Available
DM-3345,Denise Monton,dm-3345@marketmind.ai,Not Available
CD-2280,Christina DeMoss,cd-2280@marketmind.ai,Not Available
BP-1095,Bart Pistole,bp-1095@marketmind.ai,Not Available
TC-11475,Tony Chapman,tc-11475@marketmind.ai,Not Available
DW-3540,Don Weiss,dw-3540@marketmind.ai,Not Available
BE-1455,Brad Eason,be-1455@marketmind.ai,Not Available
AH-195,Alan Haines,ah-195@marketmind.ai,Not Available
DO-3645,Doug O'Connell,do-3645@marketmind.ai,Not Available
CA-2055,Cathy Armstrong,ca-2055@marketmind.ai,Not Available
LP-7080,Liz Pelletier,lp-7080@marketmind.ai,Not Available
BN-1515,Bradley Nguyen,bn-1515@marketmind.ai,Not Available
NK-8490,Neil Knudson,nk-8490@marketmind.ai,Not Available
AR-510,Andrew Roberts,ar-510@marketmind.ai,Not Available
VM-11835,Vivian Mathis,vm-11835@marketmind.ai,Not Available
TH-11115,Thea Hudgings,th-11115@marketmind.ai,Not Available
AB-165,Alan Barnes,ab-165@marketmind.ai,Not Available
LB-6735,Larry Blacks,lb-6735@marketmind.ai,Not Available
GA-4515,George Ashbrook,ga-4515@marketmind.ai,Not Available
DJ-3630,Doug Jacobs,dj-3630@marketmind.ai,Not Available
LT-6765,Larry Tron,lt-6765@marketmind.ai,Not Available
SG-10080,Sandra Glassco,sg-10080@marketmind.ai,Not Available
TB-11175,Thomas Boland,tb-11175@marketmind.ai,Not Available
AP-915,Arthur Prichep,ap-915@marketmind.ai,Not Available
ON-8715,Odella Nelson,on-8715@marketmind.ai,Not Available
SB-10290,Sean Braxton,sb-10290@marketmind.ai,Not Available
AJ-795,Anthony Johnson,aj-795@marketmind.ai,Not Available
TP-11565,Tracy Poddar,tp-11565@marketmind.ai,Not Available
ML-8040,Michelle Lonsdale,ml-8040@marketmind.ai,Not Available
LC-6870,Lena Cacioppo,lc-6870@marketmind.ai,Not Available
AB-105,Adrian Barton,ab-105@marketmind.ai,Not Available
AW-840,Anthony Witt,aw-840@marketmind.ai,Not Available
JO-5280,Jas O'Carroll,jo-5280@marketmind.ai,Not Available
ME-7320,Maria Etezadi,me-7320@marketmind.ai,Not Available
SW-10455,Shaun Weien,sw-10455@marketmind.ai,Not Available
LP-7095,Liz Preis,lp-7095@marketmind.ai,Not Available
DW-3195,David Wiener,dw-3195@marketmind.ai,Not Available
SC-10770,Stewart Carmichael,sc-10770@marketmind.ai,Not Available
HE-4800,Harold Engle,he-4800@marketmind.ai,Not Available
DL-3495,Dionis Lloyd,dl-3495@marketmind.ai,Not Available
EJ-4155,Eva Jacobs,ej-4155@marketmind.ai,Not Available
JH-6180,Justin Hirsh,jh-6180@marketmind.ai,Not Available
DK-3150,David Kendrick,dk-3150@marketmind.ai,Not Available
XP-11865,Xylona Preis,xp-11865@marketmind.ai,Not Available
KT-6480,Kean Thornton,kt-6480@marketmind.ai,Not Available
MB-8085,Mick Brown,mb-8085@marketmind.ai,Not Available
AR-345,Alex Russell,ar-345@marketmind.ai,Not Available
BD-1320,Bill Donatelli,bd-1320@marketmind.ai,Not Available
DP-3165,David Philippe,dp-3165@marketmind.ai,Not Available
KD-6495,Keith Dawkins,kd-6495@marketmind.ai,Not Available
CK-2595,Clytie Kelty,ck-2595@marketmind.ai,Not Available
SB-10170,Sarah Bern,sb-10170@marketmind.ai,Not Available
JJ-5760,Joel Jenkins,jj-5760@marketmind.ai,Not Available
GH-4485,Gene Hale,gh-4485@marketmind.ai,Not Available
DB-3555,Dorothy Badders,db-3555@marketmind.ai,Not Available
LB-6795,Laurel Beltran,lb-6795@marketmind.ai,Not Available
KT-6465,Kean Takahito,kt-6465@marketmind.ai,Not Available
GA-4725,Guy Armstrong,ga-4725@marketmind.ai,Not Available
DK-3090,Dave Kipp,dk-3090@marketmind.ai,Not Available
SS-10590,Sonia Sunley,ss-10590@marketmind.ai,Not Available
SD-10485,Shirley Daniels,sd-10485@marketmind.ai,Not Available
TS-21085,Thais Sissman,ts-21085@marketmind.ai,Not Available
RA-9945,Ryan Akin,ra-9945@marketmind.ai,Not Available
JO-5145,Jack O'Briant,jo-5145@marketmind.ai,Not Available
LW-7215,Luke Weiss,lw-7215@marketmind.ai,Not Available
RB-9645,Robert Barroso,rb-9645@marketmind.ai,Not Available
MV-7485,Mark Van Huff,mv-7485@marketmind.ai,Not Available
BW-1200,Ben Wallace,bw-1200@marketmind.ai,Not Available
CC-2610,Corey Catlett,cc-2610@marketmind.ai,Not Available
BD-1560,Brendan Dodson,bd-1560@marketmind.ai,Not Available
CS-2505,Cindy Stewart,cs-2505@marketmind.ai,Not Available
VT-11700,Valerie Takahito,vt-11700@marketmind.ai,Not Available
MC-7845,Michael Chen,mc-7845@marketmind.ai,Not Available
KH-6690,Kristen Hastings,kh-6690@marketmind.ai,Not Available
VS-11820,Vivek Sundaresam,vs-11820@marketmind.ai,Not Available
NF-8475,Neil Französisch,nf-8475@marketmind.ai,Not Available
TB-11190,Thomas Brumley,tb-11190@marketmind.ai,Not Available
TS-11205,Thomas Seio,ts-11205@marketmind.ai,Not Available
TD-10995,Tamara Dahlen,td-10995@marketmind.ai,Not Available
EB-3750,Edward Becker,eb-3750@marketmind.ai,Not Available
AH-690,Anna Häberlin,ah-690@marketmind.ai,Not Available
TB-11280,Toby Braunhardt,tb-11280@marketmind.ai,Not Available
AM-705,Anne McFarland,am-705@marketmind.ai,Not Available
BD-1620,Brian DeCherney,bd-1620@marketmind.ai,Not Available
KF-6285,Karen Ferguson,kf-6285@marketmind.ai,Not Available
BE-1335,Bill Eplett,be-1335@marketmind.ai,Not Available
HA-4905,Helen Abelman,ha-4905@marketmind.ai,Not Available
ND-8370,Natalie DeCherney,nd-8370@marketmind.ai,Not Available
AA-645,Anna Andreadi,aa-645@marketmind.ai,Not Available
CC-2430,Chuck Clark,cc-2430@marketmind.ai,Not Available
PL-8925,Paul Lucas,pl-8925@marketmind.ai,Not Available
SO-10335,Sean O'Donnell,so-10335@marketmind.ai,Not Available
AY-555,Andy Yotov,ay-555@marketmind.ai,Not Available
JB-6000,Joy Bell-,jb-6000@marketmind.ai,Not Available
SN-10560,Skye Norling,sn-10560@marketmind.ai,Not Available
AH-465,Amy Hunt,ah-465@marketmind.ai,Not Available
HW-4935,Helen Wasserman,hw-4935@marketmind.ai,Not Available
MC-7425,Mark Cousins,mc-7425@marketmind.ai,Not Available
BT-1680,Brian Thompson,bt-1680@marketmind.ai,Not Available
MG-7650,Matthew Grinstein,mg-7650@marketmind.ai,Not Available
CB-2415,Christy Brittain,cb-2415@marketmind.ai,Not Available
CK-2760,Cyma Kinney,ck-2760@marketmind.ai,Not Available
AG-330,Alex Grayson,ag-330@marketmind.ai,Not Available
MK-8160,Mike Kennedy,mk-8160@marketmind.ai,Not Available
NC-8625,Noah Childs,nc-8625@marketmind.ai,Not Available
MO-7950,Michael Oakman,mo-7950@marketmind.ai,Not Available
HF-4995,Herbert Flentye,hf-4995@marketmind.ai,Not Available
SJ-10215,Sarah Jordon,sj-10215@marketmind.ai,Not Available
AO-810,Anthony O'Donnell,ao-810@marketmind.ai,Not Available
RM-9375,Raymond Messe,rm-9375@marketmind.ai,Not Available
MM-8055,Michelle Moray,mm-8055@marketmind.ai,Not Available
DN-3690,Duane Noonan,dn-3690@marketmind.ai,Not Available
EB-3930,Eric Barreto,eb-3930@marketmind.ai,Not Available
NH-8610,Nicole Hansen,nh-8610@marketmind.ai,Not Available
EL-3735,Ed Ludwig,el-3735@marketmind.ai,Not Available
PS-8760,Pamela Stobb,ps-8760@marketmind.ai,Not Available
ST-10530,Shui Tom,st-10530@marketmind.ai,Not Available
RH-9510,Rick Huthwaite,rh-9510@marketmind.ai,Not Available
BD-1605,Brian Dahlen,bd-1605@marketmind.ai,Not Available
SC-10440,Shaun Chance,sc-10440@marketmind.ai,Not Available
CG-2040,Catherine Glotzbach,cg-2040@marketmind.ai,Not Available
TG-11310,Toby Gnade,tg-11310@marketmind.ai,Not Available
FO-4305,Frank Olsen,fo-4305@marketmind.ai,Not Available
CS-1950,Carlos Soltero,cs-1950@marketmind.ai,Not Available
LE-6810,Laurel Elliston,le-6810@marketmind.ai,Not Available
DR-2880,Dan Reichenbach,dr-2880@marketmind.ai,Not Available
JR-5700,Jocasta Rupert,jr-5700@marketmind.ai,Not Available
MS-7710,Maurice Satty,ms-7710@marketmind.ai,Not Available
PM-8940,Paul MacIntyre,pm-8940@marketmind.ai,Not Available
AZ-750,Annie Zypern,az-750@marketmind.ai,Not Available
AA-375,Allen Armold,aa-375@marketmind.ai,Not Available
FM-4290,Frank Merwin,fm-4290@marketmind.ai,Not Available
CR-2820,Cyra Reiten,cr-2820@marketmind.ai,Not Available
VB-11745,Victoria Brennan,vb-11745@marketmind.ai,Not Available
RH-19600,Rob Haberlin,rh-19600@marketmind.ai,Not Available
KH-6330,Katharine Harms,kh-6330@marketmind.ai,Not Available
ME-7725,Max Engle,me-7725@marketmind.ai,Not Available
FA-4230,Frank Atkinson,fa-4230@marketmind.ai,Not Available
GM-4455,Gary Mitchum,gm-4455@marketmind.ai,Not Available
KH-6510,Keith Herrera,kh-6510@marketmind.ai,Not Available
CD-2790,Cynthia Delaney,cd-2790@marketmind.ai,Not Available
NB-8580,Nicole Brennan,nb-8580@marketmind.ai,Not Available
CS-2250,Chris Selesnick,cs-2250@marketmind.ai,Not Available
SP-10920,Susan Pistek,sp-10920@marketmind.ai,Not Available
TH-11100,Thea Hendricks,th-11100@marketmind.ai,Not Available
DC-3285,Debra Catini,dc-3285@marketmind.ai,Not Available
CM-2655,Corinna Mitchell,cm-2655@marketmind.ai,Not Available
RF-9735,Roland Fjeld,rf-9735@marketmind.ai,Not Available
LH-6750,Larry Hughes,lh-6750@marketmind.ai,Not Available
JM-5265,Janet Molinari,jm-5265@marketmind.ai,Not Available
CS-1845,Cari Sayre,cs-1845@marketmind.ai,Not Available
CS-1860,Cari Schnelling,cs-1860@marketmind.ai,Not Available
BT-1485,Brad Thomas,bt-1485@marketmind.ai,Not Available
KB-6240,Karen Bern,kb-6240@marketmind.ai,Not Available
KB-6600,Ken Brennan,kb-6600@marketmind.ai,Not Available
LS-7230,Lycoris Saunders,ls-7230@marketmind.ai,Not Available
MS-7365,Maribeth Schnelling,ms-7365@marketmind.ai,Not Available
BG-1740,Bruce Geld,bg-1740@marketmind.ai,Not Available
HJ-4875,Heather Jas,hj-4875@marketmind.ai,Not Available
LR-6915,Lena Radford,lr-6915@marketmind.ai,Not Available
JW-6075,Julia West,jw-6075@marketmind.ai,Not Available
DJ-3420,Denny Joy,dj-3420@marketmind.ai,Not Available
SP-10650,Stephanie Phelps,sp-10650@marketmind.ai,Not Available
VM-21835,Vivian Mathis,vm-21835@marketmind.ai,Not Available
CM-1815,Candace McMahon,cm-1815@marketmind.ai,Not Available
MH-8025,Michelle Huthwaite,mh-8025@marketmind.ai,Not Available
RD-9480,Rick Duston,rd-9480@marketmind.ai,Not Available
PW-9030,Pauline Webber,pw-9030@marketmind.ai,Not Available
EB-4170,Evan Bailliet,eb-4170@marketmind.ai,Not Available
SM-10950,Suzanne McNair,sm-10950@marketmind.ai,Not Available
NP-8325,Naresj Patel,np-8325@marketmind.ai,Not Available
MP-8175,Mike Pelletier,mp-8175@marketmind.ai,Not Available
CM-2160,Charles McCrossin,cm-2160@marketmind.ai,Not Available
NP-8700,Nora Preis,np-8700@marketmind.ai,Not Available
BP-1185,Ben Peterman,bp-1185@marketmind.ai,Not Available
SW-10755,Steven Ward,sw-10755@marketmind.ai,Not Available
AC-450,Amy Cox,ac-450@marketmind.ai,Not Available
SE-10110,Sanjit Engle,se-10110@marketmind.ai,Not Available
BS-1365,Bill Shonely,bs-1365@marketmind.ai,Not Available
RM-9750,Roland Murray,rm-9750@marketmind.ai,Not Available
BT-1395,Bill Tyler,bt-1395@marketmind.ai,Not Available
BP-1155,Becky Pak,bp-1155@marketmind.ai,Not Available
GT-4635,Grant Thornton,gt-4635@marketmind.ai,Not Available
CM-1935,Carlos Meador,cm-1935@marketmind.ai,Not Available
RE-9405,Ricardo Emerson,re-9405@marketmind.ai,Not Available
KS-6300,Karen Seio,ks-6300@marketmind.ai,Not Available
TS-11160,Theresa Swint,ts-11160@marketmind.ai,Not Available
ML-7395,Marina Lichtenstein,ml-7395@marketmind.ai,Not Available
BF-1170,Ben Ferrer,bf-1170@marketmind.ai,Not Available
NS-8640,Noel Staavos,ns-8640@marketmind.ai,Not Available
RB-9570,Rob Beeghly,rb-9570@marketmind.ai,Not Available
FM-4380,Fred McMath,fm-4380@marketmind.ai,Not Available
AG-300,Aleksandra Gannaway,ag-300@marketmind.ai,Not Available
SW-10350,Sean Wendt,sw-10350@marketmind.ai,Not Available
JR-6210,Justin Ritter,jr-6210@marketmind.ai,Not Available
MD-7350,Maribeth Dona,md-7350@marketmind.ai,Not Available
ML-7755,Max Ludwig,ml-7755@marketmind.ai,Not Available
HA-4920,Helen Andreada,ha-4920@marketmind.ai,Not Available
AS-45,Aaron Smayling,as-45@marketmind.ai,Not Available
BF-1215,Benjamin Farhat,bf-1215@marketmind.ai,Not Available
LH-6900,Lena Hernandez,lh-6900@marketmind.ai,Not Available
DP-3390,Dennis Pardue,dp-3390@marketmind.ai,Not Available
DH-3075,Dave Hallsten,dh-3075@marketmind.ai,Not Available
HM-4860,Harry Marie,hm-4860@marketmind.ai,Not Available
SB-10185,Sarah Brown,sb-10185@marketmind.ai,Not Available
RF-9840,Roy Französisch,rf-9840@marketmind.ai,Not Available
SV-10935,Susan Vittorini,sv-10935@marketmind.ai,Not Available
CS-2355,Christine Sundaresam,cs-2355@marketmind.ai,Not Available
GM-4695,Greg Maxwell,gm-4695@marketmind.ai,Not Available
AT-435,Alyssa Tate,at-435@marketmind.ai,Not Available
MC-8130,Mike Caudle,mc-8130@marketmind.ai,Not Available
FP-4320,Frank Preis,fp-4320@marketmind.ai,Not Available
DK-3225,Dean Katz,dk-3225@marketmind.ai,Not Available
VG-11790,Vivek Gonzalez,vg-11790@marketmind.ai,Not Available
LF-7185,Luke Foster,lf-7185@marketmind.ai,Not Available
NC-8535,Nick Crebassa,nc-8535@marketmind.ai,Not Available
DB-3405,Denny Blanton,db-3405@marketmind.ai,Not Available
MH-8115,Mick Hernandez,mh-8115@marketmind.ai,Not Available
SA-10830,Sue Ann Reed,sa-10830@marketmind.ai,Not Available
JK-5640,Jim Kriz,jk-5640@marketmind.ai,Not Available
VF-11715,Vicky Freymann,vf-11715@marketmind.ai,Not Available
VW-11775,Victoria Wilson,vw-11775@marketmind.ai,Not Available
SN-10710,Steve Nguyen,sn-10710@marketmind.ai,Not Available
MS-7980,Michael Stewart,ms-7980@marketmind.ai,Not Available
AD-180,Alan Dominguez,ad-180@marketmind.ai,Not Available
MC-8100,Mick Crebagga,mc-8100@marketmind.ai,Not Available
JB-5925,Joni Blumstein,jb-5925@marketmind.ai,Not Available
JC-5340,Jasper Cacioppo,jc-5340@marketmind.ai,Not Available
MF-7665,Maureen Fritzler,mf-7665@marketmind.ai,Not Available
RP-9270,Rachel Payne,rp-9270@marketmind.ai,Not Available
PF-9120,Peter Fuller,pf-9120@marketmind.ai,Not Available
DK-2895,Dana Kaydos,dk-2895@marketmind.ai,Not Available
RW-9630,Rob Williams,rw-9630@marketmind.ai,Not Available
TM-11490,Tony Molinari,tm-11490@marketmind.ai,Not Available
Co-2640,Corey-Lock,co-2640@marketmind.ai,Not Available
EM-3810,Eleni McCrary,em-3810@marketmind.ai,Not Available
JK-6090,Juliana Krohn,jk-6090@marketmind.ai,Not Available
JH-5430,Jennifer Halladay,jh-5430@marketmind.ai,Not Available
AR-405,Allen Rosenblatt,ar-405@marketmind.ai,Not Available
TZ-11580,Tracy Zic,tz-11580@marketmind.ai,Not Available
BG-1035,Barry Gonzalez,bg-1035@marketmind.ai,Not Available
PS-9045,Penelope Sewall,ps-9045@marketmind.ai,Not Available
MS-7770,Maxwell Schwartz,ms-7770@marketmind.ai,Not Available
SS-10875,Sung Shariari,ss-10875@marketmind.ai,Not Available
DB-2970,Darren Budd,db-2970@marketmind.ai,Not Available
SS-10515,Shirley Schmidt,ss-10515@marketmind.ai,Not Available
AW-930,Arthur Wiediger,aw-930@marketmind.ai,Not Available
PK-8910,Paul Knutson,pk-8910@marketmind.ai,Not Available
GM-4440,Gary McGarr,gm-4440@marketmind.ai,Not Available
CY-2745,Craig Yedwab,cy-2745@marketmind.ai,Not Available
RW-9690,Robert Waldorf,rw-9690@marketmind.ai,Not Available
CC-2100,Chad Cunningham,cc-2100@marketmind.ai,Not Available
KD-6345,Katherine Ducich,kd-6345@marketmind.ai,Not Available
KN-6390,Katherine Nockton,kn-6390@marketmind.ai,Not Available
GT-4710,Greg Tran,gt-4710@marketmind.ai,Not Available
TS-11085,Thais Sissman,ts-11085@marketmind.ai,Not Available
RR-9525,Rick Reed,rr-9525@marketmind.ai,Not Available
MT-7815,Meg Tillman,mt-7815@marketmind.ai,Not Available
JA-5970,Joseph Airdo,ja-5970@marketmind.ai,Not Available
CB-2535,Claudia Bergmann,cb-2535@marketmind.ai,Not Available
AP-720,Anne Pryor,ap-720@marketmind.ai,Not Available
SP-10860,Sung Pak,sp-10860@marketmind.ai,Not Available
IL-5100,Ivan Liston,il-5100@marketmind.ai,Not Available
VD-11670,Valerie Dominguez,vd-11670@marketmind.ai,Not Available
EH-3765,Edward Hooks,eh-3765@marketmind.ai,Not Available
BS-1755,Bruce Stewart,bs-1755@marketmind.ai,Not Available
HL-5040,Hunter Lopez,hl-5040@marketmind.ai,Not Available
CA-2310,Christine Abelman,ca-2310@marketmind.ai,Not Available
AC-420,Alyssa Crouse,ac-420@marketmind.ai,Not Available
CC-2145,Charles Crestani,cc-2145@marketmind.ai,Not Available
KB-6585,Ken Black,kb-6585@marketmind.ai,Not Available
JG-5115,Jack Garza,jg-5115@marketmind.ai,Not Available
GK-4620,Grace Kelly,gk-4620@marketmind.ai,Not Available
FW-4395,Fred Wasserman,fw-4395@marketmind.ai,Not Available
VM-11685,Valerie Mitchum,vm-11685@marketmind.ai,Not Available
RB-9360,Raymond Buch,rb-9360@marketmind.ai,Not Available
AG-495,Andrew Gjertsen,ag-495@marketmind.ai,Not Available
IM-5070,Irene Maddox,im-5070@marketmind.ai,Not Available
MC-7635,Matthew Clasen,mc-7635@marketmind.ai,Not Available
SH-10635,Stefanie Holloman,sh-10635@marketmind.ai,Not Available
KC-6540,Kelly Collister,kc-6540@marketmind.ai,Not Available
QJ-9255,Quincy Jones,qj-9255@marketmind.ai,Not Available
JK-5325,Jason Klamczynski,jk-5325@marketmind.ai,Not Available
AI-855,Arianne Irving,ai-855@marketmind.ai,Not Available
SC-10095,Sanjit Chand,sc-10095@marketmind.ai,Not Available
CT-1995,Carol Triggs,ct-1995@marketmind.ai,Not Available
PJ-8835,Patrick Jones,pj-8835@marketmind.ai,Not Available
JM-6195,Justin MacKendrick,jm-6195@marketmind.ai,Not Available
CV-2295,Christina VanderZanden,cv-2295@marketmind.ai,Not Available
DB-3120,David Bremer,db-3120@marketmind.ai,Not Available
NL-8310,Nancy Lomonaco,nl-8310@marketmind.ai,Not Available
BB-1545,Brenda Bowman,bb-1545@marketmind.ai,Not Available
BV-1245,Benjamin Venier,bv-1245@marketmind.ai,Not Available
BS-1380,Bill Stewart,bs-1380@marketmind.ai,Not Available
KA-6525,Kelly Andreada,ka-6525@marketmind.ai,Not Available
RB-9795,Ross Baird,rb-9795@marketmind.ai,Not Available
EP-3915,Emily Phan,ep-3915@marketmind.ai,Not Available
JS-5595,Jill Stevenson,js-5595@marketmind.ai,Not Available
JE-5610,Jim Epp,je-5610@marketmind.ai,Not Available
CJ-1875,Carl Jackson,cj-1875@marketmind.ai,Not Available
TH-11550,Tracy Hopkins,th-11550@marketmind.ai,Not Available
HR-4830,Harold Ryan,hr-4830@marketmind.ai,Not Available
KC-6675,Kimberly Carter,kc-6675@marketmind.ai,Not Available
LS-7200,Luke Schmidt,ls-7200@marketmind.ai,Not Available
DL-2925,Daniel Lacy,dl-2925@marketmind.ai,Not Available
WB-11850,William Brown,wb-11850@marketmind.ai,Not Available
SJ-10500,Shirley Jackson,sj-10500@marketmind.ai,Not Available
DF-3135,David Flashing,df-3135@marketmind.ai,Not Available
SZ-10035,Sam Zeldin,sz-10035@marketmind.ai,Not Available
CK-2205,Chloris Kastensmidt,ck-2205@marketmind.ai,Not Available
TM-11010,Tamara Manning,tm-11010@marketmind.ai,Not Available
FC-4335,Fred Chung,fc-4335@marketmind.ai,Not Available
GB-4530,George Bell,gb-4530@marketmind.ai,Not Available
BF-1275,Beth Fritzler,bf-1275@marketmind.ai,Not Available
NB-8655,Nona Balk,nb-8655@marketmind.ai,Not Available
EH-3990,Erica Hackney,eh-3990@marketmind.ai,Not Available
SP-10545,Sibella Parks,sp-10545@marketmind.ai,Not Available
Dp-3240,Dean percer,dp-3240@marketmind.ai,Not Available
LW-6825,Laurel Workman,lw-6825@marketmind.ai,Not Available
EN-3780,Edward Nazzal,en-3780@marketmind.ai,Not Available
TZ-11445,Tom Zandusky,tz-11445@marketmind.ai,Not Available
KD-6615,Ken Dana,kd-6615@marketmind.ai,Not Available
LD-7005,Lisa DeCherney,ld-7005@marketmind.ai,Not Available
CL-1890,Carl Ludwig,cl-1890@marketmind.ai,Not Available
HG-4965,Henry Goldwyn,hg-4965@marketmind.ai,Not Available
BO-1350,Bill Overfelt,bo-1350@marketmind.ai,Not Available
YC-11895,Yoseph Carroll,yc-11895@marketmind.ai,Not Available
JM-5535,Jessica Myrick,jm-5535@marketmind.ai,Not Available
RA-9885,Ruben Ausman,ra-9885@marketmind.ai,Not Available
KM-6660,Khloe Miller,km-6660@marketmind.ai,Not Available
DW-3585,Dorothy Wardle,dw-3585@marketmind.ai,Not Available
TS-11655,Trudy Schmidt,ts-11655@marketmind.ai,Not Available
RK-9300,Ralph Kennedy,rk-9300@marketmind.ai,Not Available
SC-10020,Sam Craven,sc-10020@marketmind.ai,Not Available
AG-390,Allen Goldenen,ag-390@marketmind.ai,Not Available
AT-735,Annie Thurman,at-735@marketmind.ai,Not Available
JW-5955,Joni Wasserman,jw-5955@marketmind.ai,Not Available
AF-885,Art Foster,af-885@marketmind.ai,Not Available
KB-6405,Katrina Bavinger,kb-6405@marketmind.ai,Not Available
BP-1290,Beth Paige,bp-1290@marketmind.ai,Not Available
OT-8730,Olvera Toch,ot-8730@marketmind.ai,Not Available
LS-6975,Lindsay Shagiari,ls-6975@marketmind.ai,Not Available
GD-4590,Giulietta Dortch,gd-4590@marketmind.ai,Not Available
MP-7965,Michael Paige,mp-7965@marketmind.ai,Not Available
DS-3180,David Smith,ds-3180@marketmind.ai,Not Available
ED-3885,Emily Ducich,ed-3885@marketmind.ai,Not Available
NZ-8565,Nick Zandusky,nz-8565@marketmind.ai,Not Available
JG-5805,John Grady,jg-5805@marketmind.ai,Not Available
EB-3870,Emily Burns,eb-3870@marketmind.ai,Not Available
BG-1695,Brooke Gillingham,bg-1695@marketmind.ai,Not Available
SR-10425,Sharelle Roach,sr-10425@marketmind.ai,Not Available
AS-90,Adam Shillingsburg,as-90@marketmind.ai,Not Available
SP-10620,Stefania Perrino,sp-10620@marketmind.ai,Not Available
SH-10395,Shahid Hopkins,sh-10395@marketmind.ai,Not Available
AR-540,Andy Reiter,ar-540@marketmind.ai,Not Available
CM-2235,Chris McAfee,cm-2235@marketmind.ai,Not Available
AS-225,Alan Schoenberger,as-225@marketmind.ai,Not Available
RA-9915,Russell Applegate,ra-9915@marketmind.ai,Not Available
RS-9420,Ricardo Sperren,rs-9420@marketmind.ai,Not Available
TN-11040,Tanja Norvell,tn-11040@marketmind.ai,Not Available
VP-11730,Victor Preis,vp-11730@marketmind.ai,Not Available
KW-6435,Katrina Willman,kw-6435@marketmind.ai,Not Available
PP-8955,Paul Prost,pp-8955@marketmind.ai,Not Available
SC-10575,Sonia Cooley,sc-10575@marketmind.ai,Not Available
ML-7410,Maris LaWare,ml-7410@marketmind.ai,Not Available
CJ-2010,Caroline Jumper,cj-2010@marketmind.ai,Not Available
FG-4260,Frank Gastineau,fg-4260@marketmind.ai,Not Available
TW-11025,Tamara Willingham,tw-11025@marketmind.ai,Not Available
DB-3210,Dean Braden,db-3210@marketmind.ai,Not Available
EA-4035,Erin Ashbrook,ea-4035@marketmind.ai,Not Available
EM-3825,Elizabeth Moffitt,em-3825@marketmind.ai,Not Available
TB-11355,Todd Boyes,tb-11355@marketmind.ai,Not Available
ME-8010,Michelle Ellison,me-8010@marketmind.ai,Not Available
JE-5715,Joe Elijah,je-5715@marketmind.ai,Not Available
MC-7605,Matt Connell,mc-7605@marketmind.ai,Not Available
FH-4350,Fred Harton,fh-4350@marketmind.ai,Not Available
BC-1125,Becky Castell,bc-1125@marketmind.ai,Not Available
MG-7875,Michael Grace,mg-7875@marketmind.ai,Not Available
FH-4275,Frank Hawley,fh-4275@marketmind.ai,Not Available
DK-2985,Darren Koutras,dk-2985@marketmind.ai,Not Available
BK-1260,Berenike Kampe,bk-1260@marketmind.ai,Not Available
MP-7470,Mark Packer,mp-7470@marketmind.ai,Not Available
SC-10800,Stuart Calhoun,sc-10800@marketmind.ai,Not Available
BD-1500,Bradley Drucker,bd-1500@marketmind.ai,Not Available
RC-9825,Roy Collins,rc-9825@marketmind.ai,Not Available
MG-7890,Michael Granlund,mg-7890@marketmind.ai,Not Available
ZC-11910,Zuschuss Carroll,zc-11910@marketmind.ai,Not Available
