Order Date,Total amount,Anomaly
2011-01-04,16.448,False
2011-01-05,288.06,False
2011-01-06,19.536,False
2011-01-07,4407.1,False
2011-01-08,87.15799999999999,False
2011-01-10,40.544,False
2011-01-11,54.83,False
2011-01-12,9.94,False
2011-01-14,3553.795,False
2011-01-15,61.96,False
2011-01-16,149.95,False
2011-01-17,299.964,False
2011-01-19,64.864,False
2011-01-20,378.594,False
2011-01-21,2673.87,False
2011-01-22,25.248,False
2011-01-24,46.019999999999996,False
2011-01-27,1097.25,False
2011-01-28,426.67,False
2011-01-29,3.928,False
2011-01-31,240.5,False
2011-02-01,290.666,False
2011-02-02,468.9,False
2011-02-03,211.64600000000002,False
2011-02-04,97.11200000000001,False
2011-02-05,134.38400000000001,False
2011-02-07,330.512,False
2011-02-08,180.32,False
2011-02-09,14.56,False
2011-02-12,2043.4,False
2011-02-13,129.568,False
2011-02-15,576.726,False
2011-02-16,21.36,False
2011-02-17,9.04,False
2011-02-18,54.208,False
2011-02-19,37.784,False
2011-02-21,95.59,False
2011-02-22,8.85,False
2011-02-23,19.44,False
2011-02-24,11.364,False
2011-02-25,55.672,False
2011-02-28,19.456,False
2011-03-01,2203.151,False
2011-03-02,202.384,False
2011-03-03,1345.8919999999998,False
2011-03-04,370.452,False
2011-03-05,705.562,False
2011-03-07,1561.062,False
2011-03-10,741.956,False
2011-03-11,918.314,False
2011-03-14,2108.55,False
2011-03-15,370.782,False
2011-03-16,471.92,False
2011-03-17,3960.358,False
2011-03-18,28106.715999999997,True
2011-03-19,590.7620000000001,False
2011-03-21,4109.816,False
2011-03-22,464.09299999999996,False
2011-03-23,945.064,False
2011-03-24,65.38,False
2011-03-25,459.146,False
2011-03-26,145.13,False
2011-03-28,1823.804,False
2011-03-29,890.841,False
2011-03-30,1170.3220000000001,False
2011-03-31,1959.552,False
2011-04-01,119.88799999999999,False
2011-04-02,1458.558,False
2011-04-03,233.45,False
2011-04-04,475.844,False
2011-04-05,5295.098,False
2011-04-06,1650.69,False
2011-04-07,1021.1700000000001,False
2011-04-08,1958.7500000000002,False
2011-04-11,1915.24,False
2011-04-12,1912.123,False
2011-04-13,638.576,False
2011-04-15,294.71999999999997,False
2011-04-16,39.072,False
2011-04-18,1020.532,False
2011-04-19,205.47,False
2011-04-20,1250.45,False
2011-04-21,845.36,False
2011-04-22,257.752,False
2011-04-23,643.98,False
2011-04-25,2379.9939999999997,False
2011-04-26,282.568,False
2011-04-28,2578.476,False
2011-04-29,768.8439999999999,False
2011-04-30,1048.74,False
2011-05-02,506.12,False
2011-05-03,72.632,False
2011-05-04,187.432,False
2011-05-05,260.977,False
2011-05-06,254.456,False
2011-05-07,1091.35,False
2011-05-08,1799.97,False
2011-05-09,394.48,False
2011-05-10,2343.799,False
2011-05-11,1642.802,False
2011-05-12,734.846,False
2011-05-13,898.3820000000001,False
2011-05-14,310.88,False
2011-05-16,289.28,False
2011-05-17,91.68,False
2011-05-18,948.9480000000001,False
2011-05-19,91.62,False
2011-05-20,320.10400000000004,False
2011-05-21,4264.3279999999995,False
2011-05-22,180.93,False
2011-05-23,323.75800000000004,False
2011-05-24,116.28,False
2011-05-25,119.53999999999999,False
2011-05-26,1325.718,False
2011-05-27,2157.394,False
2011-05-28,221.96800000000002,False
2011-05-30,1924.913,False
2011-05-31,773.7,False
2011-06-01,5188.5199999999995,False
2011-06-02,738.598,False
2011-06-03,741.336,False
2011-06-04,456.272,False
2011-06-06,1374.001,False
2011-06-07,281.397,False
2011-06-08,2501.264,False
2011-06-09,5463.008,False
2011-06-10,491.55,False
2011-06-13,14.52,False
2011-06-14,212.94,False
2011-06-15,942.9739999999999,False
2011-06-16,763.792,False
2011-06-17,3418.5020000000004,False
2011-06-18,139.8,False
2011-06-20,1828.9496,False
2011-06-21,4107.443,False
2011-06-22,1975.498,False
2011-06-23,109.49600000000001,False
2011-06-24,4.272,False
2011-06-25,792.76,False
2011-06-27,616.14,False
2011-06-28,1645.7909999999997,False
2011-06-29,46.68,False
2011-06-30,739.624,False
2011-07-01,601.0239999999999,False
2011-07-02,79.56,False
2011-07-04,247.40800000000002,False
2011-07-05,1444.104,False
2011-07-06,1038.472,False
2011-07-07,241.19400000000002,False
2011-07-08,763.0740000000001,False
2011-07-09,265.521,False
2011-07-11,2187.206,False
2011-07-12,1960.012,False
2011-07-13,351.216,False
2011-07-14,292.594,False
2011-07-15,9.51,False
2011-07-18,273.04,False
2011-07-19,461.326,False
2011-07-20,2285.786,False
2011-07-21,1961.482,False
2011-07-22,1348.344,False
2011-07-23,2613.184,False
2011-07-25,8341.289999999999,False
2011-07-26,5039.994,False
2011-07-27,580.06,False
2011-07-28,193.15200000000002,False
2011-07-30,1367.84,False
2011-08-01,228.328,False
2011-08-02,886.28,False
2011-08-03,477.994,False
2011-08-04,2743.154,False
2011-08-05,2408.7239999999997,False
2011-08-06,262.89,False
2011-08-08,3955.629,False
2011-08-09,3605.685,False
2011-08-11,451.62,False
2011-08-12,1832.38,False
2011-08-15,842.7819999999999,False
2011-08-16,853.092,False
2011-08-17,500.342,False
2011-08-19,1439.1060000000002,False
2011-08-20,1838.722,False
2011-08-22,23.104,False
2011-08-23,565.2239999999999,False
2011-08-24,59.739999999999995,False
2011-08-25,1451.6499999999999,False
2011-08-26,366.81,False
2011-08-27,2070.13,False
2011-08-29,832.3225,False
2011-08-30,121.24,False
2011-08-31,92.52,False
2011-09-01,469.43600000000004,False
2011-09-02,3254.15,False
2011-09-03,22.08,False
2011-09-05,296.304,False
2011-09-06,100.36,False
2011-09-07,3523.875,False
2011-09-08,14228.428,True
2011-09-09,4043.5879999999997,False
2011-09-10,1855.228,False
2011-09-11,127.95,False
2011-09-12,4904.66,False
2011-09-13,1275.408,False
2011-09-14,5023.716,False
2011-09-15,133.436,False
2011-09-16,33.552,False
2011-09-17,820.523,False
2011-09-19,9338.637,True
2011-09-20,5335.968,False
2011-09-21,2679.652,False
2011-09-22,1240.266,False
2011-09-23,10662.337000000001,True
2011-09-24,211.96,False
2011-09-25,354.8888,False
2011-09-26,1480.614,False
2011-09-27,773.4399999999999,False
2011-09-28,490.29200000000003,False
2011-09-29,8109.070000000001,False
2011-09-30,987.532,False
2011-10-01,4.71,False
2011-10-02,598.144,False
2011-10-03,862.683,False
2011-10-04,728.7479999999999,False
2011-10-05,191.9,False
2011-10-06,494.7099999999999,False
2011-10-07,237.35999999999999,False
2011-10-08,147.392,False
2011-10-09,249.36,False
2011-10-10,2049.386,False
2011-10-11,1381.164,False
2011-10-12,58.53,False
2011-10-13,2212.182,False
2011-10-14,4525.484,False
2011-10-15,206.724,False
2011-10-16,194.322,False
2011-10-17,136.068,False
2011-10-18,3134.916,False
2011-10-19,641.104,False
2011-10-20,1501.104,False
2011-10-21,1356.602,False
2011-10-22,223.808,False
2011-10-24,56.489999999999995,False
2011-10-25,103.882,False
2011-10-26,447.88,False
2011-10-27,22.32,False
2011-10-28,1510.582,False
2011-10-29,2813.8120000000004,False
2011-10-31,5362.026,False
2011-11-01,4732.08,False
2011-11-02,2126.37,False
2011-11-03,2784.163,False
2011-11-04,6693.748,False
2011-11-05,1694.5639999999999,False
2011-11-06,43.68,False
2011-11-07,1449.142,False
2011-11-08,333.576,False
2011-11-09,1574.094,False
2011-11-10,2002.556,False
2011-11-11,8114.548,False
2011-11-12,1054.7612,False
2011-11-14,1034.73,False
2011-11-15,1780.822,False
2011-11-16,1355.9285,False
2011-11-17,11544.274,True
2011-11-18,3406.855,False
2011-11-19,7226.086000000001,False
2011-11-20,907.5600000000001,False
2011-11-21,1249.622,False
2011-11-22,1103.298,False
2011-11-23,1363.28,False
2011-11-24,5578.606,False
2011-11-25,4415.695,False
2011-11-26,1705.99,False
2011-11-27,203.66,False
2011-11-28,2280.83,False
2011-11-29,649.0439999999999,False
2011-11-30,219.154,False
2011-12-01,5624.39,False
2011-12-02,1771.8079999999998,False
2011-12-03,505.88,False
2011-12-04,129.98,False
2011-12-05,2963.642,False
2011-12-06,1970.978,False
2011-12-07,548.4,False
2011-12-08,1095.12,False
2011-12-09,1522.652,False
2011-12-10,573.336,False
2011-12-12,4938.404500000001,False
2011-12-13,293.152,False
2011-12-14,7641.658,False
2011-12-15,1264.466,False
2011-12-16,4394.187,False
2011-12-17,45.534,False
2011-12-19,3436.7599999999998,False
2011-12-20,6962.44,False
2011-12-21,1933.44,False
2011-12-22,798.968,False
2011-12-23,942.108,False
2011-12-24,1950.202,False
2011-12-26,2041.414,False
2011-12-27,2966.388,False
2011-12-28,3732.2960000000003,False
2011-12-29,2072.096,False
2011-12-30,2172.651,False
2011-12-31,5253.27,False
2012-01-02,1932.096,False
2012-01-03,1768.2216,False
2012-01-04,264.46,False
2012-01-05,295.272,False
2012-01-06,31.538,False
2012-01-09,364.07,False
2012-01-10,1018.104,False
2012-01-12,854.614,False
2012-01-13,622.278,False
2012-01-17,350.384,False
2012-01-19,301.742,False
2012-01-23,43.66,False
2012-01-24,13.12,False
2012-01-26,182.72,False
2012-01-27,3573.252,False
2012-01-28,4297.644,False
2012-01-30,2161.6400000000003,False
2012-01-31,99.26,False
2012-02-03,492.836,False
2012-02-06,2432.544,False
2012-02-07,324.10999999999996,False
2012-02-08,129.09199999999998,False
2012-02-09,785.5519999999999,False
2012-02-10,77.24,False
2012-02-14,1079.962,False
2012-02-15,1602.38,False
2012-02-16,160.43,False
2012-02-18,105.844,False
2012-02-20,316.78000000000003,False
2012-02-21,2591.1,False
2012-02-22,79.36,False
2012-02-23,37.775999999999996,False
2012-02-25,25.869999999999997,False
2012-02-27,1159.271,False
2012-02-28,551.264,False
2012-02-29,259.456,False
2012-03-01,1382.7184,False
2012-03-02,899.5699999999999,False
2012-03-05,1969.267,False
2012-03-06,1555.244,False
2012-03-07,807.54,False
2012-03-08,2563.2960000000003,False
2012-03-09,478.008,False
2012-03-10,90.93199999999999,False
2012-03-12,51.016,False
2012-03-13,1384.856,False
2012-03-14,707.9000000000001,False
2012-03-15,16.776,False
2012-03-16,7230.209999999999,False
2012-03-17,48.84,False
2012-03-19,5652.9396,False
2012-03-20,1548.194,False
2012-03-21,1270.3790000000001,False
2012-03-22,2481.424,False
2012-03-23,633.302,False
2012-03-24,412.95,False
2012-03-26,4623.37,False
2012-03-27,83.7,False
2012-03-28,243.344,False
2012-03-29,1559.0800000000002,False
2012-03-30,571.224,False
2012-03-31,200.716,False
2012-04-02,299.22,False
2012-04-04,1484.598,False
2012-04-05,2974.058,False
2012-04-06,140.004,False
2012-04-07,907.436,False
2012-04-09,757.992,False
2012-04-10,169.542,False
2012-04-11,1328.346,False
2012-04-12,40.74,False
2012-04-13,3192.678,False
2012-04-14,35.208,False
2012-04-16,4161.972,False
2012-04-17,2745.106,False
2012-04-18,2006.96,False
2012-04-19,329.96,False
2012-04-20,1194.726,False
2012-04-21,893.09,False
2012-04-22,152.916,False
2012-04-24,25.99,False
2012-04-25,920.946,False
2012-04-26,2090.1055,False
2012-04-27,2719.59,False
2012-04-28,4044.3619999999996,False
2012-04-29,7.968,False
2012-04-30,1571.6950000000002,False
2012-05-01,450.94,False
2012-05-02,167.232,False
2012-05-03,2198.7599999999998,False
2012-05-04,1121.362,False
2012-05-07,305.622,False
2012-05-08,3981.968,False
2012-05-09,48.81,False
2012-05-10,154.442,False
2012-05-11,191.968,False
2012-05-12,1060.35,False
2012-05-13,238.384,False
2012-05-14,3141.1995,False
2012-05-15,69.908,False
2012-05-16,255.968,False
2012-05-17,134.46800000000002,False
2012-05-18,10.86,False
2012-05-20,169.54399999999998,False
2012-05-21,72.332,False
2012-05-22,3862.098,False
2012-05-23,1304.956,False
2012-05-24,610.3069999999999,False
2012-05-25,1739.418,False
2012-05-26,982.5640000000001,False
2012-05-28,794.146,False
2012-05-29,1204.842,False
2012-05-30,681.1,False
2012-05-31,5178.138,False
2012-06-01,834.198,False
2012-06-04,1192.3100000000002,False
2012-06-05,1533.1979999999999,False
2012-06-07,59.768,False
2012-06-08,1083.112,False
2012-06-09,797.116,False
2012-06-11,3373.5640000000003,False
2012-06-12,174.476,False
2012-06-13,1128.8980000000001,False
2012-06-14,51.072,False
2012-06-15,734.144,False
2012-06-16,3443.9040000000005,False
2012-06-18,1883.087,False
2012-06-19,446.34599999999995,False
2012-06-20,829.544,False
2012-06-21,107.976,False
2012-06-22,2018.953,False
2012-06-23,836.958,False
2012-06-25,857.08,False
2012-06-26,1592.196,False
2012-06-28,1386.466,False
2012-06-29,432.92600000000004,False
2012-07-02,1631.902,False
2012-07-03,823.982,False
2012-07-04,1138.288,False
2012-07-05,121.64599999999999,False
2012-07-06,1379.812,False
2012-07-08,21.12,False
2012-07-09,1587.114,False
2012-07-10,43.286,False
2012-07-11,1941.952,False
2012-07-12,2052.567,False
2012-07-13,2033.256,False
2012-07-14,860.916,False
2012-07-16,3029.386,False
2012-07-17,448.082,False
2012-07-18,672.418,False
2012-07-19,2.025,False
2012-07-20,2693.168,False
2012-07-23,208.272,False
2012-07-24,525.95,False
2012-07-25,2395.024,False
2012-07-26,969.225,False
2012-07-27,29.97,False
2012-07-30,443.802,False
2012-07-31,3712.1620000000003,False
2012-08-01,1011.696,False
2012-08-02,1290.478,False
2012-08-05,72.64999999999999,False
2012-08-06,494.86920000000003,False
2012-08-07,968.206,False
2012-08-08,840.102,False
2012-08-09,4878.392,False
2012-08-10,851.4739999999999,False
2012-08-11,196.112,False
2012-08-13,586.896,False
2012-08-15,497.59000000000003,False
2012-08-16,3378.9320000000002,False
2012-08-17,381.64,False
2012-08-21,2827.52,False
2012-08-22,66.632,False
2012-08-23,1202.278,False
2012-08-24,7194.775,False
2012-08-25,178.52599999999998,False
2012-08-27,639.9739999999999,False
2012-08-28,6491.293000000001,False
2012-08-29,246.5,False
2012-08-31,2601.797,False
2012-09-01,2367.564,False
2012-09-03,1874.8980000000001,False
2012-09-04,1071.284,False
2012-09-05,934.1030000000001,False
2012-09-06,1005.654,False
2012-09-07,2922.667,False
2012-09-08,89.64,False
2012-09-10,1415.7259999999999,False
2012-09-11,1962.1299999999999,False
2012-09-12,707.824,False
2012-09-13,3445.772,False
2012-09-14,3262.42,False
2012-09-15,2535.85,False
2012-09-16,31.12,False
2012-09-17,11525.006,True
2012-09-18,3924.32,False
2012-09-19,500.38,False
2012-09-20,1836.052,False
2012-09-21,6982.058,False
2012-09-22,1783.504,False
2012-09-24,4220.594,False
2012-09-25,3033.757,False
2012-09-26,3722.273,False
2012-09-27,2382.958,False
2012-09-28,1058.364,False
2012-10-01,1158.414,False
2012-10-02,1269.2659999999998,False
2012-10-03,275.21799999999996,False
2012-10-04,505.58,False
2012-10-05,851.092,False
2012-10-08,222.12,False
2012-10-09,2133.5350000000003,False
2012-10-10,2248.194,False
2012-10-11,1011.8955000000001,False
2012-10-12,2390.758,False
2012-10-13,371.65999999999997,False
2012-10-15,3219.554,False
2012-10-16,824.97,False
2012-10-17,77.88,False
2012-10-18,378.494,False
2012-10-19,2135.09,False
2012-10-20,720.086,False
2012-10-22,15.128,False
2012-10-23,2262.296,False
2012-10-24,831.145,False
2012-10-25,1425.412,False
2012-10-26,1395.333,False
2012-10-28,104.51,False
2012-10-29,244.24,False
2012-10-30,2122.044,False
2012-10-31,3211.009,False
2012-11-01,3106.106,False
2012-11-02,5528.551,False
2012-11-03,2800.8459999999995,False
2012-11-05,834.874,False
2012-11-06,11.481,False
2012-11-07,3073.073,False
2012-11-08,12196.997,True
2012-11-09,4620.292,False
2012-11-10,3536.904,False
2012-11-11,542.178,False
2012-11-12,1127.992,False
2012-11-13,3591.0772,False
2012-11-14,2512.71,False
2012-11-15,702.17,False
2012-11-16,4072.334,False
2012-11-17,3885.986,False
2012-11-19,1040.784,False
2012-11-20,2861.15,False
2012-11-21,3613.5748000000003,False
2012-11-22,614.499,False
2012-11-23,3450.1879999999996,False
2012-11-24,1218.764,False
2012-11-25,13.12,False
2012-11-26,1484.0819999999999,False
2012-11-27,3109.7835,False
2012-11-28,1864.482,False
2012-11-29,2760.168,False
2012-11-30,1798.3970000000002,False
2012-12-01,7130.594,False
2012-12-03,1972.645,False
2012-12-04,5185.814,False
2012-12-05,897.322,False
2012-12-06,6061.502,False
2012-12-07,1338.298,False
2012-12-08,2672.728,False
2012-12-09,34.02,False
2012-12-10,3080.38,False
2012-12-11,1590.894,False
2012-12-12,1448.854,False
2012-12-13,1023.386,False
2012-12-14,858.304,False
2012-12-15,5494.796,False
2012-12-16,4.98,False
2012-12-17,1918.492,False
2012-12-18,935.288,False
2012-12-19,6120.656,False
2012-12-20,1107.464,False
2012-12-21,3257.7599999999998,False
2012-12-22,473.313,False
2012-12-23,194.32,False
2012-12-24,7484.566,False
2012-12-25,4204.968,False
2012-12-26,561.486,False
2012-12-27,5148.4472000000005,False
2012-12-28,79.2,False
2012-12-29,6.36,False
2012-12-30,3251.34,False
2012-12-31,1381.344,False
2013-01-02,405.91999999999996,False
2013-01-03,2095.83,False
2013-01-04,1069.22,False
2013-01-05,255.904,False
2013-01-07,83.576,False
2013-01-08,1859.1580000000001,False
2013-01-09,743.046,False
2013-01-10,174.75,False
2013-01-11,149.444,False
2013-01-14,405.344,False
2013-01-15,701.923,False
2013-01-16,102.21799999999999,False
2013-01-17,1040.55,False
2013-01-21,1167.056,False
2013-01-22,917.6300000000001,False
2013-01-23,1732.3,False
2013-01-24,31.36,False
2013-01-25,858.712,False
2013-01-28,39.68,False
2013-01-30,3107.3160000000003,False
2013-01-31,1601.554,False
2013-02-01,161.97,False
2013-02-02,8996.784000000001,True
2013-02-03,866.4,False
2013-02-04,197.868,False
2013-02-05,2994.4759999999997,False
2013-02-06,132.224,False
2013-02-07,762.142,False
2013-02-08,1369.476,False
2013-02-09,121.83,False
2013-02-11,69.93,False
2013-02-12,1366.04,False
2013-02-13,146.82,False
2013-02-14,837.921,False
2013-02-15,407.072,False
2013-02-16,1135.638,False
2013-02-19,392.66,False
2013-02-20,16.496,False
2013-02-21,1524.126,False
2013-02-22,983.17,False
2013-02-23,57.576,False
2013-02-25,46.72,False
2013-02-27,243.892,False
2013-02-28,36.48,False
2013-03-01,111.104,False
2013-03-02,6285.8060000000005,False
2013-03-04,7264.422,False
2013-03-05,315.45,False
2013-03-06,162.344,False
2013-03-07,811.303,False
2013-03-08,21.072,False
2013-03-09,2190.81,False
2013-03-10,635.5999999999999,False
2013-03-11,7879.734,False
2013-03-12,896.0219999999999,False
2013-03-13,1694.6419999999998,False
2013-03-14,8866.882000000001,True
2013-03-15,669.3679999999999,False
2013-03-16,2356.808,False
2013-03-18,2360.334,False
2013-03-19,1061.682,False
2013-03-20,138.68,False
2013-03-21,928.311,False
2013-03-22,645.706,False
2013-03-23,226.46800000000002,False
2013-03-25,745.7740000000001,False
2013-03-26,1346.97,False
2013-03-27,682.246,False
2013-03-28,92.7,False
2013-03-29,125.3,False
2013-03-30,2659.339,False
2013-03-31,11.34,False
2013-04-01,640.762,False
2013-04-02,2161.48,False
2013-04-03,1454.9,False
2013-04-04,441.198,False
2013-04-05,970.194,False
2013-04-06,1046.334,False
2013-04-07,1294.75,False
2013-04-08,1970.574,False
2013-04-09,2906.404,False
2013-04-10,1115.197,False
2013-04-11,950.5939999999999,False
2013-04-13,1542.53,False
2013-04-14,6.12,False
2013-04-15,1466.5720000000001,False
2013-04-16,2201.8559999999998,False
2013-04-17,9335.086000000001,True
2013-04-18,421.08500000000004,False
2013-04-19,2514.538,False
2013-04-20,1414.132,False
2013-04-22,271.616,False
2013-04-23,1765.4650000000001,False
2013-04-24,720.368,False
2013-04-25,1607.1,False
2013-04-26,108.42,False
2013-04-27,434.646,False
2013-04-29,486.672,False
2013-05-01,142.208,False
2013-05-02,517.866,False
2013-05-03,1098.136,False
2013-05-04,1099.013,False
2013-05-06,2701.28,False
2013-05-07,236.95999999999998,False
2013-05-08,4835.976,False
2013-05-09,1340.244,False
2013-05-10,1283.512,False
2013-05-11,763.0200000000001,False
2013-05-12,5.98,False
2013-05-13,918.878,False
2013-05-15,455.93,False
2013-05-16,648.9119999999999,False
2013-05-17,880.4599999999999,False
2013-05-18,346.922,False
2013-05-19,122.22,False
2013-05-20,1582.008,False
2013-05-21,2471.913,False
2013-05-22,2718.214,False
2013-05-23,1799.2,False
2013-05-24,10560.978000000001,True
2013-05-25,277.756,False
2013-05-26,1311.97,False
2013-05-27,1975.356,False
2013-05-28,5305.078,False
2013-05-29,2137.324,False
2013-05-30,1063.185,False
2013-05-31,8090.578,False
2013-06-01,438.85900000000004,False
2013-06-03,157.844,False
2013-06-04,71.088,False
2013-06-05,2316.5229999999997,False
2013-06-06,659.82,False
2013-06-07,6026.312,False
2013-06-08,51.562,False
2013-06-10,1688.4720000000002,False
2013-06-11,1412.3960000000002,False
2013-06-12,1623.416,False
2013-06-13,2962.563,False
2013-06-14,430.43800000000005,False
2013-06-15,3457.099,False
2013-06-16,173.488,False
2013-06-17,147.27499999999998,False
2013-06-18,3000.92,False
2013-06-19,541.938,False
2013-06-20,17.12,False
2013-06-21,1229.548,False
2013-06-22,577.108,False
2013-06-24,2475.094,False
2013-06-25,5310.952000000001,False
2013-06-26,893.266,False
2013-06-27,1919.6,False
2013-06-28,778.7059999999999,False
2013-06-29,877.156,False
2013-06-30,191.88,False
2013-07-01,1352.9499999999998,False
2013-07-02,1724.3760000000002,False
2013-07-03,772.786,False
2013-07-04,847.7,False
2013-07-05,1651.301,False
2013-07-08,3882.231,False
2013-07-09,2616.512,False
2013-07-10,573.286,False
2013-07-11,895.895,False
2013-07-13,95.76,False
2013-07-15,2149.96,False
2013-07-16,380.20000000000005,False
2013-07-17,910.17,False
2013-07-18,2184.88,False
2013-07-19,2891.858,False
2013-07-20,1536.454,False
2013-07-21,89.95,False
2013-07-22,991.0949999999999,False
2013-07-23,1368.048,False
2013-07-24,654.587,False
2013-07-25,326.964,False
2013-07-26,5920.488,False
2013-07-29,2033.3739999999998,False
2013-07-30,819.1540000000001,False
2013-07-31,1770.776,False
2013-08-01,2174.158,False
2013-08-02,1124.6480000000001,False
2013-08-03,482.584,False
2013-08-04,248.82,False
2013-08-05,497.91,False
2013-08-06,197.05,False
2013-08-07,320.38800000000003,False
2013-08-08,179.97,False
2013-08-09,1115.204,False
2013-08-10,661.3539999999999,False
2013-08-12,151.82,False
2013-08-13,3951.9605,False
2013-08-14,731.524,False
2013-08-15,923.688,False
2013-08-16,1680.2659999999998,False
2013-08-17,204.54,False
2013-08-18,15.712,False
2013-08-19,496.11400000000003,False
2013-08-20,448.792,False
2013-08-21,14.78,False
2013-08-22,4798.2919999999995,False
2013-08-23,405.35,False
2013-08-24,4187.348,False
2013-08-27,4874.298,False
2013-08-28,767.9110000000001,False
2013-08-29,322.0248,False
2013-08-30,632.188,False
2013-08-31,1656.8700000000001,False
2013-09-01,23.968,False
2013-09-02,5766.151999999999,False
2013-09-03,6792.193,False
2013-09-04,2365.596,False
2013-09-05,4532.0419999999995,False
2013-09-06,5226.348,False
2013-09-07,1313.536,False
2013-09-09,4493.9836,False
2013-09-10,84.99199999999999,False
2013-09-11,2094.324,False
2013-09-12,6501.585999999999,False
2013-09-13,2043.792,False
2013-09-14,2374.73,False
2013-09-15,1137.338,False
2013-09-16,2101.182,False
2013-09-17,425.886,False
2013-09-18,2043.126,False
2013-09-19,4751.082,False
2013-09-20,3839.312,False
2013-09-21,1232.004,False
2013-09-23,615.57,False
2013-09-24,1322.145,False
2013-09-25,2286.05,False
2013-09-26,3443.091,False
2013-09-27,2698.1665,False
2013-09-28,1992.9858,False
2013-09-29,99.136,False
2013-09-30,1307.792,False
2013-10-01,525.884,False
2013-10-02,781.414,False
2013-10-03,18452.971999999998,True
2013-10-04,1680.696,False
2013-10-05,5912.782,False
2013-10-07,830.4000000000001,False
2013-10-08,973.712,False
2013-10-09,561.5360000000001,False
2013-10-10,546.92,False
2013-10-11,282.75300000000004,False
2013-10-12,33.064,False
2013-10-14,1650.618,False
2013-10-15,3335.888,False
2013-10-16,1620.15,False
2013-10-17,142.182,False
2013-10-18,2953.346,False
2013-10-19,307.92,False
2013-10-21,946.174,False
2013-10-22,7951.592,False
2013-10-23,188.28,False
2013-10-24,467.42199999999997,False
2013-10-25,1365.498,False
2013-10-26,783.96,False
2013-10-28,978.79,False
2013-10-29,2899.0209999999997,False
2013-10-30,131.154,False
2013-10-31,159.002,False
2013-11-01,3750.499,False
2013-11-02,453.37399999999997,False
2013-11-04,3802.7960000000003,False
2013-11-05,3888.8179999999998,False
2013-11-06,4266.8988,False
2013-11-07,773.256,False
2013-11-08,3810.464,False
2013-11-09,993.9000000000001,False
2013-11-10,479.97,False
2013-11-11,4723.478,False
2013-11-12,4944.296,False
2013-11-13,4914.938,False
2013-11-14,2945.138,False
2013-11-15,2774.0620000000004,False
2013-11-16,2145.718,False
2013-11-17,36.72,False
2013-11-18,142.684,False
2013-11-19,3958.932,False
2013-11-20,638.462,False
2013-11-21,3070.333,False
2013-11-22,1176.891,False
2013-11-23,317.044,False
2013-11-24,100.61599999999999,False
2013-11-25,6394.5380000000005,False
2013-11-26,7978.5509999999995,False
2013-11-27,8329.743,False
2013-11-28,1651.239,False
2013-11-29,3428.372,False
2013-11-30,300.592,False
2013-12-01,970.142,False
2013-12-02,7365.455,False
2013-12-03,4684.616,False
2013-12-04,5269.816,False
2013-12-05,944.2860000000001,False
2013-12-06,5267.004,False
2013-12-07,3878.276,False
2013-12-09,4709.095,False
2013-12-10,1855.483,False
2013-12-11,3459.71,False
2013-12-12,6102.25,False
2013-12-13,1981.1149999999998,False
2013-12-14,1194.088,False
2013-12-15,828.654,False
2013-12-16,2637.087,False
2013-12-17,628.5419999999999,False
2013-12-18,12185.134,True
2013-12-19,7051.35,False
2013-12-20,815.1120000000001,False
2013-12-21,134.54,False
2013-12-23,1043.128,False
2013-12-24,6965.857,False
2013-12-25,1938.2599999999998,False
2013-12-26,10488.055,True
2013-12-27,1829.4180000000001,False
2013-12-28,959.4900000000001,False
2013-12-30,1277.68,False
2013-12-31,773.774,False
2014-01-01,731.7679999999999,False
2014-01-02,1481.828,False
2014-01-03,2079.554,False
2014-01-04,2070.272,False
2014-01-07,33.74,False
2014-01-08,3395.59,False
2014-01-09,892.98,False
2014-01-10,274.491,False
2014-01-13,848.52,False
2014-01-14,4619.33,False
2014-01-15,1056.038,False
2014-01-16,2140.28,False
2014-01-17,6230.292,False
2014-01-20,2013.7150000000001,False
2014-01-21,767.838,False
2014-01-22,2546.643,False
2014-01-23,4212.371999999999,False
2014-01-24,450.334,False
2014-01-25,418.666,False
2014-01-27,3055.2799999999997,False
2014-01-28,331.914,False
2014-01-29,1007.52,False
2014-01-30,294.842,False
2014-01-31,3749.335,False
2014-02-03,913.354,False
2014-02-04,922.327,False
2014-02-05,32.67,False
2014-02-06,2263.012,False
2014-02-07,904.354,False
2014-02-10,773.764,False
2014-02-11,227.103,False
2014-02-12,1241.516,False
2014-02-14,1058.43,False
2014-02-17,1337.442,False
2014-02-18,2964.8174,False
2014-02-19,287.326,False
2014-02-20,1314.59,False
2014-02-21,1150.29,False
2014-02-22,47.904,False
2014-02-24,117.79999999999998,False
2014-02-25,1448.676,False
2014-02-26,430.49199999999996,False
2014-02-27,2847.6459999999997,False
2014-03-01,17.62,False
2014-03-03,1450.126,False
2014-03-04,2000.104,False
2014-03-05,228.822,False
2014-03-06,1240.02,False
2014-03-07,778.236,False
2014-03-08,166.59,False
2014-03-09,843.1,False
2014-03-10,710.804,False
2014-03-11,1252.952,False
2014-03-12,1973.708,False
2014-03-13,353.28,False
2014-03-14,4791.35,False
2014-03-15,49.616,False
2014-03-17,2014.3809999999999,False
2014-03-18,542.746,False
2014-03-19,1027.758,False
2014-03-20,2166.248,False
2014-03-21,899.568,False
2014-03-22,3332.636,False
2014-03-24,14816.068,True
2014-03-25,1257.298,False
2014-03-26,3567.026,False
2014-03-27,3252.88,False
2014-03-28,2933.516,False
2014-03-29,1504.702,False
2014-03-30,81.4,False
2014-03-31,656.407,False
2014-04-01,4981.0108,False
2014-04-02,5972.988,False
2014-04-03,822.97,False
2014-04-04,32.528,False
2014-04-05,808.47,False
2014-04-07,114.41999999999999,False
2014-04-08,1971.2905,False
2014-04-09,6401.929999999999,False
2014-04-10,1626.71,False
2014-04-11,755.529,False
2014-04-12,319.806,False
2014-04-13,69.66,False
2014-04-14,1345.824,False
2014-04-15,652.93,False
2014-04-16,332.33799999999997,False
2014-04-17,944.429,False
2014-04-18,3431.4590000000003,False
2014-04-21,2033.24,False
2014-04-22,1254.564,False
2014-04-23,947.692,False
2014-04-24,1199.222,False
2014-04-25,928.558,False
2014-04-26,678.1129999999999,False
2014-04-27,61.608000000000004,False
2014-04-28,576.5756,False
2014-04-29,795.296,False
2014-04-30,1053.26,False
2014-05-01,1390.126,False
2014-05-02,4108.37,False
2014-05-03,399.11,False
2014-05-04,1386.346,False
2014-05-05,1389.405,False
2014-05-06,185.123,False
2014-05-07,3183.3698,False
2014-05-08,2549.4680000000003,False
2014-05-09,3658.5540000000005,False
2014-05-10,1078.222,False
2014-05-12,449.46900000000005,False
2014-05-13,970.384,False
2014-05-14,3066.378,False
2014-05-15,4182.062,False
2014-05-16,421.264,False
2014-05-17,221.024,False
2014-05-19,1830.508,False
2014-05-20,4919.182,False
2014-05-21,2997.578,False
2014-05-22,538.02,False
2014-05-23,336.562,False
2014-05-24,241.436,False
2014-05-26,886.026,False
2014-05-27,270.24,False
2014-05-28,2084.908,False
2014-05-29,1480.103,False
2014-05-30,691.1080000000001,False
2014-05-31,736.8904,False
2014-06-02,5058.362,False
2014-06-03,135.70600000000002,False
2014-06-04,2952.0359999999996,False
2014-06-05,279.414,False
2014-06-06,491.11199999999997,False
2014-06-07,31.349999999999998,False
2014-06-09,2227.038,False
2014-06-10,939.1329999999999,False
2014-06-11,2513.343,False
2014-06-12,1580.894,False
2014-06-13,1679.968,False
2014-06-14,1156.018,False
2014-06-16,4057.51,False
2014-06-17,2724.194,False
2014-06-18,3896.672,False
2014-06-19,1031.1555,False
2014-06-20,2115.941,False
2014-06-21,1028.228,False
2014-06-22,595.656,False
2014-06-23,579.019,False
2014-06-25,1287.614,False
2014-06-26,1508.3519999999999,False
2014-06-27,4224.136,False
2014-06-28,1644.906,False
2014-06-30,4521.9912,False
2014-07-01,4721.977,False
2014-07-02,639.83,False
2014-07-03,169.192,False
2014-07-04,6963.4039999999995,False
2014-07-06,476.35400000000004,False
2014-07-07,380.378,False
2014-07-08,1620.25,False
2014-07-09,1980.2640000000001,False
2014-07-10,1671.214,False
2014-07-11,359.214,False
2014-07-12,1728.892,False
2014-07-13,3.816,False
2014-07-14,504.542,False
2014-07-15,3598.934,False
2014-07-16,2132.229,False
2014-07-17,316.636,False
2014-07-18,2191.873,False
2014-07-19,2106.794,False
2014-07-21,2283.208,False
2014-07-22,3685.944,False
2014-07-23,556.3140000000001,False
2014-07-24,898.188,False
2014-07-25,2399.96,False
2014-07-26,798.7420000000001,False
2014-07-27,2012.3020000000001,False
2014-07-28,1142.68,False
2014-07-29,1170.5639999999999,False
2014-07-30,1391.294,False
2014-07-31,523.376,False
2014-08-01,1558.028,False
2014-08-02,2085.65,False
2014-08-04,531.3480000000001,False
2014-08-05,20.07,False
2014-08-06,503.67600000000004,False
2014-08-07,1424.026,False
2014-08-08,3479.624,False
2014-08-11,1823.07,False
2014-08-12,708.726,False
2014-08-13,3693.0840000000003,False
2014-08-14,2643.164,False
2014-08-15,440.736,False
2014-08-16,1949.872,False
2014-08-17,80.564,False
2014-08-18,9517.287999999999,True
2014-08-19,7078.484,False
2014-08-20,512.446,False
2014-08-21,692.95,False
2014-08-22,8551.054,True
2014-08-23,524.54,False
2014-08-24,4590.343999999999,False
2014-08-25,685.0560000000002,False
2014-08-26,361.988,False
2014-08-27,190.66,False
2014-08-28,6190.538,False
2014-08-29,1443.632,False
2014-08-30,235.46800000000002,False
2014-09-01,3162.83,False
2014-09-02,1261.81,False
2014-09-03,9354.854,True
2014-09-04,1595.8490000000002,False
2014-09-05,5360.202,False
2014-09-06,327.044,False
2014-09-08,3848.565,False
2014-09-09,2184.327,False
2014-09-10,4356.061,False
2014-09-11,2506.646,False
2014-09-12,5564.006,False
2014-09-13,491.55,False
2014-09-14,15.92,False
2014-09-15,4367.347,False
2014-09-16,7285.026,False
2014-09-17,849.65,False
2014-09-18,4979.226,False
2014-09-19,1511.93,False
2014-09-20,1648.188,False
2014-09-21,7359.918,False
2014-09-22,338.172,False
2014-09-23,7871.213000000001,False
2014-09-24,2395.786,False
2014-09-25,6450.4619999999995,False
2014-09-26,1412.213,False
2014-09-27,1486.576,False
2014-09-29,559.271,False
2014-09-30,1944.08,False
2014-10-01,540.76,False
2014-10-02,2978.4660000000003,False
2014-10-03,5418.022,False
2014-10-04,2504.48,False
2014-10-05,19.98,False
2014-10-06,6684.616,False
2014-10-07,1499.652,False
2014-10-08,2749.21,False
2014-10-09,608.356,False
2014-10-10,1496.5890000000002,False
2014-10-11,239.358,False
2014-10-13,5635.354,False
2014-10-14,8405.802,False
2014-10-15,134.332,False
2014-10-16,1017.94,False
2014-10-17,3473.5969999999998,False
2014-10-18,126.352,False
2014-10-20,2781.8702000000003,False
2014-10-21,1333.858,False
2014-10-22,4537.201,False
2014-10-23,15158.877,True
2014-10-24,3352.3940000000002,False
2014-10-25,529.0849999999999,False
2014-10-27,999.868,False
2014-10-28,1086.32,False
2014-10-29,408.726,False
2014-10-30,46.96,False
2014-10-31,4025.73,False
2014-11-01,523.928,False
2014-11-02,2921.43,False
2014-11-03,6294.386,False
2014-11-04,4536.937,False
2014-11-05,10668.096,True
2014-11-06,2355.064,False
2014-11-07,4288.75,False
2014-11-08,2413.378,False
2014-11-09,384.1,False
2014-11-10,4751.492,False
2014-11-11,4007.548,False
2014-11-12,1815.2179999999998,False
2014-11-13,2911.386,False
2014-11-14,6633.4202,False
2014-11-15,834.6579999999999,False
2014-11-16,559.2,False
2014-11-17,4755.234,False
2014-11-18,13694.882800000001,True
2014-11-19,1469.756,False
2014-11-20,7397.272,False
2014-11-21,2988.274,False
2014-11-22,2236.1839999999997,False
2014-11-23,35.712,False
2014-11-24,1153.109,False
2014-11-25,4959.641,False
2014-11-26,3666.157,False
2014-11-27,5048.1720000000005,False
2014-11-28,1618.254,False
2014-11-29,6912.944,False
2014-11-30,491.888,False
2014-12-01,6645.282,False
2014-12-02,5331.178,False
2014-12-03,9951.182,True
2014-12-04,1403.842,False
2014-12-05,2639.638,False
2014-12-06,1453.136,False
2014-12-07,10.68,False
2014-12-08,2916.5139999999997,False
2014-12-09,7643.041,False
2014-12-10,5470.39,False
2014-12-11,3873.559,False
2014-12-12,2823.965,False
2014-12-14,580.936,False
2014-12-15,3897.714,False
2014-12-16,306.88800000000003,False
2014-12-17,858.702,False
2014-12-18,2027.758,False
2014-12-19,3645.911,False
2014-12-20,1895.926,False
2014-12-21,377.73599999999993,False
2014-12-22,2140.94,False
2014-12-23,7442.021,False
2014-12-24,1926.776,False
2014-12-25,6233.054,False
2014-12-26,2698.927,False
2014-12-27,814.5939999999999,False
2014-12-28,177.636,False
2014-12-29,1657.3508,False
2014-12-30,2915.5339999999997,False
2014-12-31,713.7900000000001,False
